time,.header.seq,.header.stamp.secs,.header.stamp.nsecs,.header.frame_id,.thumb_2,.thumb_1,.index_2,.index_1,.middle_2,.middle_1,.ring_2,.ring_1,.little_2,.little_1,.palm_arch,.thumb_crossover,.press_thumb,.press_index,.press_middle,.press_ring,.press_little,.abd_thumb,.abd_index,.abd_ring,.abd_little
2025/05/23/15:01:48.284337,1,1748005308,283512353,,1000,115,271,25,137,44,67,0,101,1000,51,0,999,999,999,999,999,657,650,280,29
2025/05/23/15:01:48.293680,2,1748005308,293356895,,1000,116,250,26,128,44,53,0,83,1000,29,0,999,999,999,999,999,647,639,233,2
2025/05/23/15:01:48.303890,3,1748005308,303353309,,1000,117,250,26,128,44,53,0,83,1000,29,0,999,999,999,999,999,647,638,233,2
2025/05/23/15:01:48.313946,4,1748005308,313487291,,1000,117,250,26,128,44,52,0,83,1000,29,0,999,999,999,999,999,647,638,233,2
2025/05/23/15:01:48.323778,5,1748005308,323424577,,1000,117,250,26,128,44,52,0,83,1000,29,0,999,999,999,999,999,647,639,233,2
2025/05/23/15:01:48.333939,6,1748005308,333484888,,1000,117,250,26,128,44,52,0,82,1000,29,0,999,999,999,999,999,647,639,233,2
2025/05/23/15:01:48.343874,7,1748005308,343474626,,1000,117,250,26,128,44,52,0,82,1000,28,0,999,999,999,999,999,647,639,233,2
2025/05/23/15:01:48.353856,8,1748005308,353464841,,1000,117,250,26,127,44,52,0,82,1000,28,0,999,999,999,999,999,647,639,231,2
2025/05/23/15:01:48.363817,9,1748005308,363453626,,1000,117,250,26,128,44,52,0,82,1000,28,0,999,999,999,999,999,647,639,231,2
2025/05/23/15:01:48.373782,10,1748005308,373381853,,1000,117,250,26,127,44,52,0,82,1000,28,0,999,999,999,999,999,647,639,231,2
2025/05/23/15:01:48.383960,11,1748005308,383421897,,1000,117,250,26,127,44,52,0,82,1000,28,0,999,999,999,999,999,647,639,231,2
2025/05/23/15:01:48.393918,12,1748005308,393384218,,1000,117,250,26,127,44,52,0,82,1000,28,0,999,999,999,999,999,647,639,231,1
2025/05/23/15:01:48.403691,13,1748005308,403306961,,1000,117,250,26,127,44,52,0,82,1000,28,0,999,999,999,999,999,647,640,231,1
2025/05/23/15:01:48.413711,14,1748005308,413310289,,1000,117,250,26,127,44,52,0,82,1000,28,0,999,999,999,999,999,647,640,231,1
2025/05/23/15:01:48.424048,15,1748005308,423469066,,1000,117,250,26,127,44,52,0,82,1000,28,0,999,999,999,999,999,647,640,231,1
2025/05/23/15:01:48.433827,16,1748005308,433389663,,1000,117,250,26,127,44,52,0,82,1000,28,0,999,999,999,999,999,647,639,231,1
2025/05/23/15:01:48.444022,17,1748005308,443379163,,1000,117,250,26,127,44,51,0,82,1000,28,0,999,999,999,999,999,647,639,231,1
2025/05/23/15:01:48.453791,18,1748005308,453413724,,1000,117,250,26,127,44,51,0,82,1000,28,0,999,999,999,999,999,647,640,231,1
2025/05/23/15:01:48.463651,19,1748005308,463335752,,1000,117,250,26,127,44,51,0,82,1000,28,0,999,999,999,999,999,647,640,231,1
2025/05/23/15:01:48.473619,20,1748005308,473333597,,1000,117,250,26,127,44,51,0,81,1000,28,0,999,999,999,999,999,647,640,231,2
2025/05/23/15:01:48.483813,21,1748005308,483326911,,1000,117,250,26,127,44,51,0,82,1000,28,0,999,999,999,999,999,647,640,230,2
2025/05/23/15:01:48.493578,22,1748005308,493312597,,1000,117,250,26,127,44,51,0,82,1000,28,0,999,999,999,999,999,647,640,230,2
2025/05/23/15:01:48.503619,23,1748005308,503315925,,1000,117,250,26,127,44,51,0,81,1000,27,0,999,999,999,999,999,647,640,231,2
2025/05/23/15:01:48.513699,24,1748005308,513304471,,1000,117,250,26,127,44,51,0,81,1000,27,0,999,999,999,999,999,647,640,231,2
2025/05/23/15:01:48.523741,25,1748005308,523428440,,1000,117,250,26,127,44,51,0,81,1000,27,0,999,999,999,999,999,647,640,231,2
2025/05/23/15:01:48.533685,26,1748005308,533325195,,1000,117,250,26,127,44,51,0,81,1000,27,0,999,999,999,999,999,647,641,231,2
2025/05/23/15:01:48.543672,27,1748005308,543278217,,1000,117,250,26,127,44,51,0,81,1000,27,0,999,999,999,999,999,647,641,231,2
2025/05/23/15:01:48.553671,28,1748005308,553316354,,1000,117,249,26,127,44,51,0,81,1000,27,0,999,999,999,999,999,647,641,231,2
2025/05/23/15:01:48.563511,29,1748005308,563266992,,1000,117,249,26,127,44,51,0,81,1000,27,0,999,999,999,999,999,647,641,230,2
2025/05/23/15:01:48.573691,30,1748005308,573268175,,1000,117,249,26,127,44,50,0,81,1000,27,0,999,999,999,999,999,647,641,230,2
2025/05/23/15:01:48.583522,31,1748005308,583264112,,1000,117,248,26,127,44,50,0,81,1000,27,0,999,999,999,999,999,647,642,230,2
2025/05/23/15:01:48.593604,32,1748005308,593300580,,1000,117,248,26,127,45,50,0,81,1000,27,0,999,999,999,999,999,647,644,231,1
2025/05/23/15:01:48.603708,33,1748005308,603319644,,1000,117,247,26,127,45,50,0,81,1000,27,0,999,999,999,999,999,647,647,231,1
2025/05/23/15:01:48.613637,34,1748005308,613258838,,1000,117,246,26,127,45,50,0,81,1000,28,0,999,999,999,999,999,647,651,233,1
2025/05/23/15:01:48.623897,35,1748005308,623373031,,1000,117,246,26,127,45,50,0,81,1000,28,0,999,999,999,999,999,647,654,233,1
2025/05/23/15:01:48.633713,36,1748005308,633340358,,1000,117,246,26,126,45,50,0,81,1000,28,0,999,999,999,999,999,647,656,233,1
2025/05/23/15:01:48.643744,37,1748005308,643347740,,1000,117,245,26,126,45,50,0,81,1000,29,0,999,999,999,999,999,647,659,233,0
2025/05/23/15:01:48.653711,38,1748005308,653371810,,1000,117,244,26,126,45,50,0,81,1000,29,0,999,999,999,999,999,647,662,231,0
2025/05/23/15:01:48.663605,39,1748005308,663283824,,1000,117,244,26,126,45,50,0,80,1000,30,0,999,999,999,999,999,647,666,231,0
2025/05/23/15:01:48.673715,40,1748005308,673318624,,1000,117,243,26,126,45,50,0,80,1000,30,0,999,999,999,999,999,648,669,231,0
2025/05/23/15:01:48.683706,41,1748005308,683419942,,1000,117,242,26,126,45,50,0,80,1000,31,0,999,999,999,999,999,649,673,231,0
2025/05/23/15:01:48.693938,42,1748005308,693470239,,1000,117,242,26,126,45,50,0,80,1000,31,0,999,999,999,999,999,649,673,231,0
2025/05/23/15:01:48.703851,43,1748005308,703426122,,1000,117,240,26,126,45,50,0,80,1000,32,0,999,999,999,999,999,650,684,231,0
2025/05/23/15:01:48.713820,44,1748005308,713306188,,1000,117,240,26,126,45,50,0,80,1000,34,0,999,999,999,999,999,651,690,233,0
2025/05/23/15:01:48.723620,45,1748005308,723295688,,1000,117,240,26,126,45,50,0,80,1000,34,0,999,999,999,999,999,651,690,233,0
2025/05/23/15:01:48.733732,46,1748005308,733288526,,1000,118,238,26,125,45,50,0,80,1000,39,0,999,999,999,999,999,651,704,237,0
2025/05/23/15:01:48.743660,47,1748005308,743301868,,1000,118,238,27,125,45,49,0,80,1000,39,0,999,999,999,999,999,650,712,241,1
2025/05/23/15:01:48.753668,48,1748005308,753338575,,1000,118,237,27,125,45,49,0,80,1000,39,0,999,999,999,999,999,650,717,243,2
2025/05/23/15:01:48.763496,49,1748005308,763230562,,1000,117,237,27,125,45,49,0,80,1000,39,0,999,999,999,999,999,650,722,247,3
2025/05/23/15:01:48.773561,50,1748005308,773297071,,1000,117,237,27,125,45,49,0,80,1000,38,0,999,999,999,999,999,650,726,257,6
2025/05/23/15:01:48.783674,51,1748005308,783290624,,1000,117,237,27,125,45,49,0,80,1000,38,0,999,999,999,999,999,650,726,263,8
2025/05/23/15:01:48.793640,52,1748005308,793308973,,1000,117,236,27,125,45,49,0,80,1000,37,0,999,999,999,999,999,649,726,267,8
2025/05/23/15:01:48.803700,53,1748005308,803428649,,1000,117,236,27,125,45,48,0,80,1000,37,0,999,999,999,999,999,649,724,272,9
2025/05/23/15:01:48.813668,54,1748005308,813320875,,1000,117,236,27,125,45,48,0,80,1000,36,0,999,999,999,999,999,649,721,278,11
2025/05/23/15:01:48.843646,55,1748005308,843393325,,1000,117,235,27,125,45,48,0,79,1000,34,0,999,999,999,999,999,648,715,290,10
2025/05/23/15:01:48.853779,56,1748005308,853350877,,1000,117,235,27,125,45,48,0,79,1000,33,0,999,999,999,999,999,648,713,294,9
2025/05/23/15:01:48.863608,57,1748005308,863281726,,1000,117,235,27,125,45,48,0,79,1000,31,0,999,999,999,999,999,648,712,298,8
2025/05/23/15:01:48.873774,58,1748005308,873403310,,1000,117,235,27,125,45,48,0,79,1000,30,0,999,999,999,999,999,648,710,300,6
2025/05/23/15:01:48.883605,59,1748005308,883293151,,1000,117,235,27,124,45,48,0,79,1000,29,0,999,999,999,999,999,648,708,302,4
2025/05/23/15:01:49.063712,60,1748005309,63321113,,1000,115,230,24,118,43,55,0,107,1000,0,0,999,999,999,999,999,625,616,245,146
2025/05/23/15:01:49.073585,61,1748005309,73292016,,1000,115,230,24,118,43,55,0,107,1000,0,0,999,999,999,999,999,624,616,245,150
2025/05/23/15:01:49.083660,62,1748005309,83266496,,1000,115,230,24,118,43,55,0,106,1000,0,0,999,999,999,999,999,624,614,243,154
2025/05/23/15:01:49.093559,63,1748005309,93252897,,1000,115,230,24,118,43,55,0,106,1000,0,0,999,999,999,999,999,624,614,245,160
2025/05/23/15:01:49.103584,64,1748005309,103274583,,1000,115,231,24,118,43,55,0,106,1000,0,0,999,999,999,999,999,624,614,243,164
2025/05/23/15:01:49.113605,65,1748005309,113298177,,1000,115,231,24,118,43,55,0,106,1000,0,0,999,999,999,999,999,623,614,243,170
2025/05/23/15:01:49.123837,66,1748005309,123369932,,1000,116,231,24,118,43,55,0,106,1000,0,0,999,999,999,999,999,623,613,243,177
2025/05/23/15:01:49.133960,67,1748005309,133435487,,1000,116,231,24,118,43,55,0,106,1000,0,0,999,999,999,999,999,623,613,243,184
2025/05/23/15:01:49.144001,68,1748005309,143446922,,1000,116,231,24,118,43,55,0,106,1000,0,0,999,999,999,999,999,623,613,243,184
2025/05/23/15:01:49.154032,69,1748005309,153393983,,1000,116,231,24,118,43,55,0,106,1000,0,0,999,999,999,999,999,622,613,245,197
2025/05/23/15:01:49.163721,70,1748005309,163303375,,1000,116,231,24,118,43,55,0,106,1000,0,0,999,999,999,999,999,621,612,245,204
2025/05/23/15:01:49.173925,71,1748005309,173450708,,1000,116,231,23,118,43,55,0,105,1000,0,0,999,999,999,999,999,621,612,247,210
2025/05/23/15:01:49.183779,72,1748005309,183354377,,1000,116,231,23,117,43,55,0,105,1000,0,0,999,999,999,999,999,620,612,249,216
2025/05/23/15:01:49.193814,73,1748005309,193436861,,1000,116,231,23,117,43,54,0,104,1000,0,0,999,999,999,999,999,619,611,249,228
2025/05/23/15:01:49.203736,74,1748005309,203287601,,1000,116,231,23,117,43,54,0,104,1000,0,0,999,999,999,999,999,619,611,249,228
2025/05/23/15:01:49.213615,75,1748005309,213330030,,1000,116,230,23,116,43,54,0,104,1000,0,0,999,999,999,999,999,618,611,251,237
2025/05/23/15:01:49.223611,76,1748005309,223265886,,1000,116,230,23,116,43,54,0,103,1000,0,0,999,999,999,999,999,616,610,255,248
2025/05/23/15:01:49.233790,77,1748005309,233308553,,1000,116,230,23,116,43,54,0,102,1000,0,0,999,999,999,999,999,615,610,257,252
2025/05/23/15:01:49.243722,78,1748005309,243340253,,1000,116,231,23,116,43,54,0,101,1000,0,0,999,999,999,999,999,614,610,257,256
2025/05/23/15:01:49.253798,79,1748005309,253407001,,1000,117,231,23,116,43,54,0,101,1000,0,0,999,999,999,999,999,613,609,259,259
2025/05/23/15:01:49.263664,80,1748005309,263275623,,1000,117,231,23,115,42,53,0,100,1000,0,0,999,999,999,999,999,612,608,259,260
2025/05/23/15:01:49.273677,81,1748005309,273313045,,1000,117,232,22,115,42,53,0,99,1000,0,0,999,999,999,999,999,611,607,259,260
2025/05/23/15:01:49.283893,82,1748005309,283282518,,1000,117,235,22,115,42,53,0,98,1000,0,0,999,999,999,999,999,609,607,259,262
2025/05/23/15:01:49.293935,83,1748005309,293437957,,1000,117,240,22,115,42,53,0,97,1000,0,0,999,999,999,999,999,608,606,259,263
2025/05/23/15:01:49.303739,84,1748005309,303332805,,1000,117,249,22,115,41,53,0,96,1000,0,0,999,999,999,999,999,607,605,257,262
2025/05/23/15:01:49.313583,85,1748005309,313293933,,1000,117,264,22,115,41,54,0,96,1000,0,0,999,999,999,999,999,605,605,255,262
2025/05/23/15:01:49.323801,86,1748005309,323305130,,1000,117,280,22,116,41,54,0,95,1000,0,0,999,999,999,999,999,604,606,253,264
2025/05/23/15:01:49.333656,87,1748005309,333370685,,1000,117,300,22,117,41,55,0,95,1000,0,0,999,999,999,999,999,603,606,253,268
2025/05/23/15:01:49.343541,88,1748005309,343297243,,1000,117,324,22,118,41,56,0,94,1000,0,0,999,999,999,999,999,602,606,253,273
2025/05/23/15:01:49.353657,89,1748005309,353317022,,1000,117,352,22,118,41,58,0,94,1000,0,0,999,999,999,999,999,601,607,253,280
2025/05/23/15:01:49.363647,90,1748005309,363268136,,1000,116,385,22,119,41,58,0,94,1000,0,0,999,999,999,999,999,599,608,253,287
2025/05/23/15:01:49.373677,91,1748005309,373325109,,1000,116,422,22,120,41,59,0,94,1000,0,0,999,999,999,999,999,598,608,255,296
2025/05/23/15:01:49.383618,92,1748005309,383315086,,1000,116,460,22,122,42,60,0,93,1000,0,0,999,999,999,999,999,597,609,257,307
2025/05/23/15:01:49.393594,93,1748005309,393274068,,1000,116,498,21,123,42,60,0,93,1000,0,0,999,999,999,999,999,595,609,257,319
2025/05/23/15:01:49.403741,94,1748005309,403294563,,1000,116,498,21,123,42,60,0,93,1000,0,0,999,999,999,999,999,595,609,257,319
2025/05/23/15:01:49.413621,95,1748005309,413318634,,1000,116,564,21,127,42,61,0,93,1000,0,0,999,999,999,999,999,592,609,263,343
2025/05/23/15:01:49.423582,96,1748005309,423285961,,1000,116,600,21,130,43,62,0,92,1000,0,0,999,999,999,999,999,591,609,265,360
2025/05/23/15:01:49.434192,97,1748005309,433355569,,1000,116,600,21,130,43,62,0,92,1000,0,0,999,999,999,999,999,591,609,265,360
2025/05/23/15:01:49.443761,98,1748005309,443365812,,1000,116,651,21,136,44,63,0,92,1000,0,0,999,999,999,999,999,588,609,270,388
2025/05/23/15:01:49.453577,99,1748005309,453297138,,1000,116,674,21,139,44,64,0,92,1000,0,0,999,999,999,999,999,587,608,270,401
2025/05/23/15:01:49.463813,100,1748005309,463397979,,1000,116,695,21,143,44,65,0,92,1000,0,0,999,999,999,999,999,586,608,272,412
2025/05/23/15:01:49.473735,101,1748005309,473345994,,1000,116,711,21,148,45,66,0,92,1000,0,0,999,999,999,999,999,585,608,274,422
2025/05/23/15:01:49.483878,102,1748005309,483368635,,1000,116,725,21,153,45,67,0,92,1000,0,0,999,999,999,999,999,584,607,274,431
2025/05/23/15:01:49.493771,103,1748005309,493350744,,1000,115,744,21,168,45,69,0,92,1000,0,0,999,999,999,999,999,582,607,276,449
2025/05/23/15:01:49.504133,104,1748005309,503511905,,1000,115,751,21,178,46,71,0,92,1000,0,0,999,999,999,999,999,581,608,278,457
2025/05/23/15:01:49.513931,105,1748005309,513430356,,1000,115,759,21,189,46,73,0,92,1000,0,0,999,999,999,999,999,581,608,278,463
2025/05/23/15:01:49.523732,106,1748005309,523326873,,1000,115,767,21,201,46,75,0,92,1000,0,0,999,999,999,999,999,580,608,278,469
2025/05/23/15:01:49.533545,107,1748005309,533264636,,1000,115,777,21,217,47,76,0,93,1000,0,0,999,999,999,999,999,579,608,280,477
2025/05/23/15:01:49.543769,108,1748005309,543343782,,1000,115,786,21,229,48,78,0,93,1000,0,0,999,999,999,999,999,578,607,280,483
2025/05/23/15:01:49.553836,109,1748005309,553367137,,1000,115,794,21,240,48,80,0,93,1000,0,0,999,999,999,999,999,577,608,280,488
2025/05/23/15:01:49.563640,110,1748005309,563328504,,1000,115,801,20,252,49,82,0,93,1000,0,0,999,999,999,999,999,577,608,280,491
2025/05/23/15:01:49.573980,111,1748005309,573318004,,1000,115,807,20,263,49,84,0,94,1000,0,0,999,999,999,999,999,576,607,280,493
2025/05/23/15:01:49.583620,112,1748005309,583376884,,1000,115,812,20,273,50,86,0,94,1000,0,0,999,999,999,999,999,576,605,280,492
2025/05/23/15:01:49.593557,113,1748005309,593251943,,1000,115,818,20,279,51,88,0,94,1000,0,0,999,999,999,999,999,575,604,280,491
2025/05/23/15:01:49.603711,114,1748005309,603339195,,1000,115,823,20,284,51,89,0,94,1000,0,0,999,999,999,999,999,574,602,282,489
2025/05/23/15:01:49.613818,115,1748005309,613289356,,1000,115,827,20,287,52,91,0,93,1000,0,0,995,999,999,999,999,574,600,284,489
2025/05/23/15:01:49.623568,116,1748005309,623284816,,1000,115,831,20,288,53,92,0,93,1000,0,0,987,999,999,999,999,573,596,286,489
2025/05/23/15:01:49.633630,117,1748005309,633291959,,1000,115,834,20,288,55,93,0,93,1000,0,0,981,999,999,999,999,573,594,292,488
2025/05/23/15:01:49.643739,118,1748005309,643312692,,1000,115,837,20,288,57,95,0,93,1000,0,0,980,999,999,999,999,572,592,300,488
2025/05/23/15:01:49.653692,119,1748005309,653306722,,1000,115,838,20,288,59,97,0,92,1000,1,0,985,999,999,999,999,572,588,307,489
2025/05/23/15:01:49.663702,120,1748005309,663387537,,1000,115,840,20,288,60,99,0,92,1000,3,0,985,999,999,999,999,571,586,313,489
2025/05/23/15:01:49.673658,121,1748005309,673315763,,1000,114,842,20,288,61,101,0,92,1000,5,0,985,999,999,999,999,571,582,317,489
2025/05/23/15:01:49.683738,122,1748005309,683350086,,1000,114,845,20,288,63,103,0,92,1000,7,0,991,999,999,999,999,570,580,319,486
2025/05/23/15:01:49.694344,123,1748005309,693662166,,1000,114,846,20,289,64,105,0,92,1000,9,0,997,999,999,999,999,569,578,323,482
2025/05/23/15:01:49.703963,124,1748005309,703410387,,1000,114,849,20,289,66,107,0,92,1000,11,0,999,999,999,999,999,568,577,325,477
2025/05/23/15:01:49.713829,125,1748005309,713378190,,1000,114,849,20,289,66,107,0,92,1000,11,0,999,999,999,999,999,568,577,325,477
2025/05/23/15:01:49.723798,126,1748005309,723341941,,1000,114,854,20,291,69,112,0,91,1000,17,0,999,999,999,999,999,566,574,331,471
2025/05/23/15:01:49.733839,127,1748005309,733381032,,1000,114,857,20,291,70,114,0,91,1000,20,0,999,999,999,999,999,565,572,333,470
2025/05/23/15:01:49.743982,128,1748005309,743441343,,1000,114,860,20,292,71,116,0,91,1000,24,0,999,999,999,999,999,565,570,335,470
2025/05/23/15:01:49.753785,129,1748005309,753367900,,1000,114,863,20,293,72,119,0,91,1000,28,0,999,999,999,999,999,564,567,337,469
2025/05/23/15:01:49.764098,130,1748005309,763465404,,1000,114,865,20,294,73,122,0,91,1000,32,0,999,999,999,999,999,563,566,339,470
2025/05/23/15:01:49.773709,131,1748005309,773355007,,1000,114,868,20,295,74,125,0,91,1000,35,0,997,999,999,999,999,562,565,339,470
2025/05/23/15:01:49.783754,132,1748005309,783422946,,1000,114,870,20,296,74,127,0,91,1000,38,0,988,999,999,999,999,562,564,339,470
2025/05/23/15:01:49.793805,133,1748005309,793381452,,1000,114,874,20,298,76,131,0,91,1000,45,0,972,999,999,999,999,560,562,339,469
2025/05/23/15:01:49.803842,134,1748005309,803346633,,1000,114,876,20,299,77,133,0,91,1000,50,0,970,999,999,999,999,559,561,339,470
2025/05/23/15:01:49.813733,135,1748005309,813379049,,1000,114,879,20,300,79,135,0,91,1000,56,0,965,999,999,999,999,559,560,341,471
2025/05/23/15:01:49.823895,136,1748005309,823373556,,1000,114,882,20,302,80,137,0,91,1000,62,0,956,999,999,999,999,559,559,343,473
2025/05/23/15:01:49.833974,137,1748005309,833379268,,1000,114,883,20,304,82,138,0,91,1000,67,0,953,999,999,999,999,558,558,345,475
2025/05/23/15:01:49.843672,138,1748005309,843318462,,1000,114,884,20,306,84,140,0,92,1000,70,0,955,999,999,999,999,557,557,345,477
2025/05/23/15:01:49.853804,139,1748005309,853311300,,1000,113,885,20,308,85,142,0,93,1000,73,0,960,999,999,999,999,557,556,345,480
2025/05/23/15:01:49.863825,140,1748005309,863334655,,1000,113,886,20,310,87,145,0,94,1000,75,0,964,999,999,999,999,556,556,345,483
2025/05/23/15:01:49.873828,141,1748005309,873347759,,1000,113,888,20,315,89,148,0,96,1000,78,0,964,999,999,999,999,556,555,345,488
2025/05/23/15:01:49.883650,142,1748005309,883302450,,1000,113,890,20,319,91,151,0,96,1000,80,0,957,999,999,999,999,555,554,343,493
2025/05/23/15:01:49.893701,143,1748005309,893337249,,1000,113,891,20,325,94,154,0,98,1000,82,0,946,999,999,999,999,555,554,341,499
2025/05/23/15:01:49.903797,144,1748005309,903354406,,1000,113,893,20,331,96,159,0,99,1000,84,0,934,999,999,999,999,554,552,341,504
2025/05/23/15:01:49.913828,145,1748005309,913392066,,1000,113,895,20,339,98,163,0,100,1000,87,0,926,999,999,999,999,554,551,341,508
2025/05/23/15:01:49.923664,146,1748005309,923325538,,1000,113,897,20,347,102,168,0,101,1000,90,0,920,999,999,999,999,553,551,341,514
2025/05/23/15:01:49.933707,147,1748005309,933306694,,1000,113,898,20,356,105,175,0,101,1000,93,0,917,999,999,999,999,553,549,339,521
2025/05/23/15:01:49.943607,148,1748005309,943306207,,1000,113,899,20,366,108,183,0,102,1000,97,0,913,999,999,999,999,552,548,341,529
2025/05/23/15:01:49.953836,149,1748005309,953378200,,1000,113,899,20,377,112,193,0,103,1000,102,0,895,999,999,999,999,552,546,343,538
2025/05/23/15:01:49.963867,150,1748005309,963394641,,1000,113,899,20,389,117,204,0,104,1000,107,0,877,999,999,999,999,551,545,343,548
2025/05/23/15:01:49.973747,151,1748005309,973308086,,1000,113,899,20,404,123,218,0,105,1000,112,0,855,999,999,999,999,551,544,343,561
2025/05/23/15:01:49.983763,152,1748005309,983420372,,1000,113,898,20,423,131,238,0,107,1000,119,0,825,999,999,999,999,551,542,341,581
2025/05/23/15:01:49.993693,153,1748005309,993317604,,1000,113,898,20,438,139,257,0,108,1000,125,0,815,999,999,999,999,550,541,341,597
2025/05/23/15:01:50.003774,154,1748005310,3322124,,1000,113,898,20,438,139,257,0,108,1000,125,0,815,999,999,999,999,550,541,341,597
2025/05/23/15:01:50.013627,155,1748005310,13316154,,1000,113,897,20,469,155,308,0,112,1000,139,0,811,999,999,999,999,549,535,343,635
2025/05/23/15:01:50.023891,156,1748005310,23387670,,1000,113,896,20,485,164,340,0,113,1000,148,0,811,999,999,999,999,549,533,345,651
2025/05/23/15:01:50.033680,157,1748005310,33326387,,1000,113,894,20,501,173,373,0,115,1000,158,0,815,999,999,999,999,548,532,345,662
2025/05/23/15:01:50.043663,158,1748005310,43340206,,1000,113,892,20,516,180,405,0,117,1000,167,0,820,999,999,999,999,548,532,346,667
2025/05/23/15:01:50.053701,159,1748005310,53324937,,1000,113,890,20,531,185,435,0,119,1000,176,0,824,999,999,999,999,547,531,348,670
2025/05/23/15:01:50.063612,160,1748005310,63297986,,1000,113,887,20,563,192,490,0,126,1000,191,0,846,999,999,940,999,546,529,348,674
2025/05/23/15:01:50.073647,161,1748005310,73323488,,1000,113,886,20,579,193,517,0,131,1000,197,0,851,999,994,891,999,545,529,348,674
2025/05/23/15:01:50.083621,162,1748005310,83279609,,1000,113,886,20,579,193,517,0,131,1000,197,0,851,999,994,891,999,545,529,348,674
2025/05/23/15:01:50.093550,163,1748005310,93269109,,1000,113,883,20,611,193,568,0,148,1000,205,0,922,999,848,788,999,544,527,345,658
2025/05/23/15:01:50.103742,164,1748005310,103353023,,1000,113,882,20,626,192,589,0,164,1000,204,0,969,999,700,698,999,543,527,343,652
2025/05/23/15:01:50.113555,165,1748005310,113270759,,1000,113,882,20,642,190,609,0,188,1000,202,0,993,999,569,602,999,543,526,339,646
2025/05/23/15:01:50.123699,166,1748005310,123341560,,1000,113,881,20,657,188,629,0,220,1000,199,0,937,999,481,527,999,542,526,335,642
2025/05/23/15:01:50.133527,167,1748005310,133255004,,1000,113,879,20,670,185,646,0,258,1000,196,0,837,999,420,466,999,541,526,331,637
2025/05/23/15:01:50.143666,168,1748005310,143282413,,1000,113,878,21,681,183,661,0,308,1000,193,0,720,999,389,421,999,540,528,327,634
2025/05/23/15:01:50.153700,169,1748005310,153301715,,1000,113,875,21,690,181,674,0,367,1000,189,0,624,999,366,389,999,539,529,325,630
2025/05/23/15:01:50.163717,170,1748005310,163292884,,1000,113,872,21,698,180,685,0,421,1000,184,0,546,999,353,366,999,539,531,321,627
2025/05/23/15:01:50.173621,171,1748005310,173280000,,1000,113,869,21,705,178,695,0,462,1000,179,0,488,999,344,347,999,538,533,319,624
2025/05/23/15:01:50.183816,172,1748005310,183412075,,1000,113,867,21,711,176,703,0,493,1000,173,0,444,999,332,333,999,537,534,317,622
2025/05/23/15:01:50.193579,173,1748005310,193286895,,1000,113,864,21,718,174,711,0,525,1000,167,0,408,999,310,314,999,536,537,315,619
2025/05/23/15:01:50.203878,174,1748005310,203377008,,1000,113,862,21,724,172,716,0,549,1000,162,0,385,999,298,297,999,535,539,313,617
2025/05/23/15:01:50.213940,175,1748005310,213430881,,1000,113,861,21,729,170,722,0,572,1000,158,0,360,999,287,285,895,534,541,311,615
2025/05/23/15:01:50.223737,176,1748005310,223455667,,1000,113,860,21,733,169,727,0,594,1000,153,0,342,999,277,274,765,534,544,309,612
2025/05/23/15:01:50.233771,177,1748005310,233359336,,1000,113,858,21,737,168,732,0,612,1000,148,0,327,999,269,264,665,533,546,309,609
2025/05/23/15:01:50.243699,178,1748005310,243341207,,1000,113,857,21,741,167,736,0,629,1000,144,0,324,999,266,258,622,533,548,307,606
2025/05/23/15:01:50.253913,179,1748005310,253382205,,1000,113,856,21,745,166,740,0,644,1000,139,0,324,999,266,253,592,532,550,306,604
2025/05/23/15:01:50.263700,180,1748005310,263350963,,1000,113,855,21,748,165,742,0,657,1000,135,0,319,999,265,249,571,531,552,306,603
2025/05/23/15:01:50.273566,181,1748005310,273274183,,1000,113,855,21,748,165,742,0,657,1000,135,0,319,999,265,249,571,531,552,306,603
2025/05/23/15:01:50.283675,182,1748005310,283336877,,1000,112,853,22,753,163,749,0,681,1000,126,0,298,999,259,244,544,530,557,304,600
2025/05/23/15:01:50.293741,183,1748005310,293323993,,1000,112,853,22,755,162,751,0,691,1000,122,0,282,999,252,243,535,529,558,302,598
2025/05/23/15:01:50.303829,184,1748005310,303392171,,1000,112,853,22,757,162,753,0,698,1000,118,0,265,999,245,240,525,529,560,302,596
2025/05/23/15:01:50.313694,185,1748005310,313319206,,1000,112,852,22,759,161,755,0,707,1000,114,0,246,999,238,237,505,528,562,302,594
2025/05/23/15:01:50.323592,186,1748005310,323273181,,1000,112,852,22,761,160,757,0,712,1000,111,0,233,999,234,233,486,527,563,300,593
2025/05/23/15:01:50.333577,187,1748005310,333291530,,1000,112,852,22,761,160,758,0,719,1000,108,0,222,999,229,227,466,527,564,298,593
2025/05/23/15:01:50.343719,188,1748005310,343375921,,1000,112,852,22,762,159,760,0,725,1000,105,0,211,999,224,221,447,526,565,298,592
2025/05/23/15:01:50.353767,189,1748005310,353333234,,1000,112,852,22,764,158,763,0,736,1000,100,0,198,999,213,213,426,525,568,298,590
2025/05/23/15:01:50.363667,190,1748005310,363330125,,1000,112,852,22,766,157,765,0,741,1000,97,0,192,999,211,209,416,525,570,298,589
2025/05/23/15:01:50.373871,191,1748005310,373447895,,1000,112,852,22,768,155,767,0,746,1000,94,0,185,999,208,205,409,525,570,298,587
2025/05/23/15:01:50.383566,192,1748005310,383280038,,1000,112,852,22,770,154,768,0,750,1000,91,0,177,999,202,200,401,524,571,296,586
2025/05/23/15:01:50.393538,193,1748005310,393254756,,1000,112,853,22,772,153,770,0,755,1000,88,0,170,999,195,195,388,524,572,294,584
2025/05/23/15:01:50.403776,194,1748005310,403355360,,1000,112,853,22,773,151,771,0,759,1000,85,0,163,999,190,188,376,523,572,294,583
2025/05/23/15:01:50.413669,195,1748005310,413328647,,1000,112,854,22,775,150,772,0,765,1000,83,0,155,999,184,181,365,523,573,294,582
2025/05/23/15:01:50.423641,196,1748005310,423274993,,1000,112,855,22,776,149,774,0,770,1000,80,0,149,999,180,178,358,523,574,294,582
2025/05/23/15:01:50.433630,197,1748005310,433316469,,1000,112,855,22,776,149,774,0,775,1000,78,0,146,999,176,176,349,522,574,294,581
2025/05/23/15:01:50.443714,198,1748005310,443324089,,1000,112,855,22,776,148,775,0,779,1000,76,0,144,999,173,174,340,522,576,292,579
2025/05/23/15:01:50.453821,199,1748005310,453345775,,1000,112,855,22,776,148,775,0,782,1000,74,0,143,999,170,171,335,522,577,292,578
2025/05/23/15:01:50.463537,200,1748005310,463252782,,1000,112,855,22,776,147,775,0,785,1000,71,0,141,999,166,168,333,522,579,292,576
2025/05/23/15:01:50.473645,201,1748005310,473324298,,1000,112,856,23,776,147,775,0,789,1000,69,0,138,999,162,165,330,521,580,294,575
2025/05/23/15:01:50.483863,202,1748005310,483439922,,1000,112,856,23,777,147,776,0,793,1000,67,0,135,999,158,162,323,520,581,294,572
2025/05/23/15:01:50.493675,203,1748005310,493376255,,1000,112,857,23,779,147,777,0,798,1000,64,0,132,999,154,158,315,520,582,292,570
2025/05/23/15:01:50.503998,204,1748005310,503385066,,1000,112,857,23,781,147,778,0,802,1000,62,0,129,999,152,155,307,520,585,292,569
2025/05/23/15:01:50.513644,205,1748005310,513366460,,1000,112,857,23,782,147,778,0,805,1000,60,0,127,999,150,153,302,519,587,294,568
2025/05/23/15:01:50.523939,206,1748005310,523408412,,1000,112,858,23,784,147,779,0,808,1000,57,0,127,999,149,153,299,519,590,296,566
2025/05/23/15:01:50.533631,207,1748005310,533308744,,1000,112,859,23,785,147,780,0,810,1000,55,0,127,999,152,154,299,519,592,296,565
2025/05/23/15:01:50.543664,208,1748005310,543300867,,1000,112,861,23,787,147,780,0,811,1000,53,0,127,999,155,156,299,519,594,294,563
2025/05/23/15:01:50.553894,209,1748005310,553469896,,1000,112,864,23,788,147,781,0,812,1000,51,0,126,999,158,157,298,518,597,294,560
2025/05/23/15:01:50.563639,210,1748005310,563345193,,1000,112,866,23,789,146,781,0,814,1000,48,0,125,999,160,159,299,518,600,296,557
2025/05/23/15:01:50.573497,211,1748005310,573264360,,1000,112,866,23,789,146,781,0,814,1000,48,0,125,999,160,159,299,518,600,296,557
2025/05/23/15:01:50.583564,212,1748005310,583298921,,1000,112,872,23,791,145,782,0,819,1000,43,0,119,997,169,166,305,518,607,298,551
2025/05/23/15:01:50.593997,213,1748005310,593510389,,1000,112,874,23,792,145,782,0,821,1000,40,0,111,995,175,172,313,517,610,298,545
2025/05/23/15:01:50.603974,214,1748005310,603358983,,1000,112,877,23,793,144,783,0,823,1000,38,0,100,995,183,180,328,517,616,300,539
2025/05/23/15:01:50.613739,215,1748005310,613357067,,1000,112,880,23,794,145,784,0,825,1000,37,0,90,995,195,191,350,518,621,300,532
2025/05/23/15:01:50.623696,216,1748005310,623363733,,1000,112,884,24,796,147,785,0,827,1000,35,0,82,996,215,203,370,519,627,300,525
2025/05/23/15:01:50.633765,217,1748005310,633378267,,1000,112,888,25,796,153,786,0,829,1000,35,0,77,993,242,214,396,521,637,300,516
2025/05/23/15:01:50.643787,218,1748005310,643322467,,1000,112,890,25,797,161,786,0,829,1000,35,0,76,993,272,220,418,523,644,300,509
2025/05/23/15:01:50.654040,219,1748005310,653460979,,1000,112,897,26,799,178,784,0,825,1000,40,0,74,998,342,229,466,525,658,296,499
2025/05/23/15:01:50.663802,220,1748005310,663390636,,1000,113,903,26,802,181,782,0,822,1000,45,0,73,999,372,229,485,525,663,292,495
2025/05/23/15:01:50.673873,221,1748005310,673475503,,1000,113,907,26,804,181,780,0,820,1000,50,0,72,999,394,226,494,525,667,288,491
2025/05/23/15:01:50.683731,222,1748005310,683331251,,1000,113,911,26,805,179,779,0,818,1000,56,0,71,999,404,221,495,526,670,284,488
2025/05/23/15:01:50.693774,223,1748005310,693390607,,1000,113,912,26,805,177,778,0,816,1000,61,0,70,999,407,218,492,527,672,282,486
2025/05/23/15:01:50.703833,224,1748005310,703394412,,1000,113,913,27,804,175,776,0,813,1000,67,0,69,999,405,216,491,527,674,280,485
2025/05/23/15:01:50.713556,225,1748005310,713258981,,1000,113,913,27,802,173,775,0,811,1000,71,0,68,999,398,215,490,528,677,276,483
2025/05/23/15:01:50.723572,226,1748005310,723272800,,1000,113,913,27,800,171,774,0,810,1000,74,0,67,999,391,215,492,528,678,274,482
2025/05/23/15:01:50.733531,227,1748005310,733266592,,1000,113,913,27,799,170,773,0,809,1000,78,0,67,999,382,215,497,529,679,272,480
2025/05/23/15:01:50.743615,228,1748005310,743282794,,1000,113,915,27,799,168,773,0,807,1000,84,0,66,999,369,216,502,529,679,269,479
2025/05/23/15:01:50.753726,229,1748005310,753351688,,1000,113,915,27,799,166,772,0,806,1000,88,0,66,999,364,217,507,529,679,267,478
2025/05/23/15:01:50.763567,230,1748005310,763290166,,1000,113,917,27,800,164,772,0,806,1000,93,0,66,999,362,218,511,529,679,265,477
2025/05/23/15:01:50.773704,231,1748005310,773283004,,1000,113,917,27,802,162,772,0,804,1000,98,0,66,999,356,220,515,529,679,263,477
2025/05/23/15:01:50.783694,232,1748005310,783308744,,1000,113,918,27,805,160,772,0,803,1000,103,0,66,999,348,222,516,530,679,261,476
2025/05/23/15:01:50.793561,233,1748005310,793264150,,1000,113,918,27,807,158,773,0,801,1000,108,0,66,999,342,223,514,530,679,259,475
2025/05/23/15:01:50.803805,234,1748005310,803338050,,1000,113,919,27,809,156,774,0,799,1000,112,0,66,999,335,222,510,531,679,257,475
2025/05/23/15:01:50.813653,235,1748005310,813305854,,1000,113,921,27,813,154,775,0,798,1000,116,0,66,999,333,222,508,532,678,255,474
2025/05/23/15:01:50.823673,236,1748005310,823311328,,1000,113,922,27,817,152,778,0,797,1000,119,0,66,999,332,225,509,532,678,253,473
2025/05/23/15:01:50.833606,237,1748005310,833279371,,1000,113,924,27,821,150,781,0,796,1000,121,0,66,999,333,230,514,533,678,253,473
2025/05/23/15:01:50.843821,238,1748005310,843278884,,1000,113,927,27,827,148,785,0,795,1000,123,0,66,999,330,237,518,533,679,251,472
2025/05/23/15:01:50.853950,239,1748005310,853344917,,1000,113,931,27,834,144,789,0,792,1000,125,0,67,999,324,247,522,534,679,251,471
2025/05/23/15:01:50.863504,240,1748005310,863269090,,1000,113,933,27,839,142,793,0,790,1000,127,0,67,999,325,253,528,535,678,249,470
2025/05/23/15:01:50.873608,241,1748005310,873328447,,1000,113,933,27,839,142,793,0,790,1000,127,0,67,999,325,253,528,535,678,249,470
2025/05/23/15:01:50.883584,242,1748005310,883259296,,1000,113,936,27,846,137,801,0,785,1000,130,0,66,999,336,257,532,536,677,245,468
2025/05/23/15:01:50.893724,243,1748005310,893251895,,1000,113,937,27,848,134,804,0,784,1000,131,0,65,999,338,258,531,537,677,245,468
2025/05/23/15:01:50.903708,244,1748005310,903300762,,1000,113,937,27,851,133,806,0,783,1000,131,0,64,999,340,259,529,538,675,245,467
2025/05/23/15:01:50.913756,245,1748005310,913267612,,1000,113,937,27,852,131,807,0,782,1000,131,0,63,999,341,260,528,539,675,243,466
2025/05/23/15:01:50.923620,246,1748005310,923300027,,1000,114,936,27,854,127,809,0,781,1000,129,0,62,999,340,265,532,541,678,241,465
2025/05/23/15:01:50.933649,247,1748005310,933276176,,1000,114,935,27,855,126,809,0,780,1000,129,0,62,999,336,269,535,541,678,241,464
2025/05/23/15:01:50.943734,248,1748005310,943352937,,1000,114,933,27,855,124,809,0,779,1000,129,0,62,999,332,274,538,542,679,239,463
2025/05/23/15:01:50.953687,249,1748005310,953315734,,1000,114,929,27,854,123,809,0,775,1000,128,0,62,999,332,281,542,543,680,241,462
2025/05/23/15:01:50.963674,250,1748005310,963318109,,1000,114,926,27,854,121,810,0,774,1000,128,0,62,999,334,283,543,544,681,239,460
2025/05/23/15:01:50.973723,251,1748005310,973358392,,1000,114,922,27,852,120,813,0,773,1000,128,0,62,999,335,283,540,545,683,237,459
2025/05/23/15:01:50.983699,252,1748005310,983411788,,1000,114,919,27,849,119,815,0,773,1000,127,0,62,999,332,285,538,546,684,237,456
2025/05/23/15:01:50.993678,253,1748005310,993349313,,1000,114,915,28,845,118,816,0,773,1000,126,0,62,999,324,284,539,546,687,235,454
2025/05/23/15:01:51.003577,254,1748005311,3322124,,1000,114,912,28,841,117,817,0,774,1000,124,0,62,997,313,280,541,547,689,235,452
2025/05/23/15:01:51.013523,255,1748005311,13268470,,1000,114,908,28,837,116,818,0,773,1000,123,0,62,996,305,274,542,548,693,233,450
2025/05/23/15:01:51.023829,256,1748005311,23368597,,1000,114,905,29,834,115,818,0,773,1000,121,0,63,996,303,270,543,549,697,233,448
2025/05/23/15:01:51.033909,257,1748005311,33481359,,1000,114,902,29,833,114,819,0,772,1000,120,0,63,997,304,267,546,549,701,231,447
2025/05/23/15:01:51.043643,258,1748005311,43320655,,1000,114,900,29,831,114,818,0,771,1000,120,0,64,999,309,265,547,550,705,230,445
2025/05/23/15:01:51.053751,259,1748005311,53378582,,1000,114,898,30,830,113,818,0,769,1000,120,0,64,999,311,264,546,551,709,228,444
2025/05/23/15:01:51.063820,260,1748005311,63341379,,1000,114,896,30,827,112,816,0,768,1000,122,0,64,999,317,266,544,551,712,228,443
2025/05/23/15:01:51.073800,261,1748005311,73286294,,1000,114,894,30,825,111,815,0,767,1000,124,0,64,999,324,266,541,552,714,228,442
2025/05/23/15:01:51.083852,262,1748005311,83402633,,1000,114,893,30,823,111,814,0,766,1000,126,0,64,999,329,269,537,552,717,230,441
2025/05/23/15:01:51.093883,263,1748005311,93401432,,1000,114,891,31,822,111,814,0,766,1000,128,0,64,999,338,272,535,553,719,230,440
2025/05/23/15:01:51.103747,264,1748005311,103349208,,1000,114,890,31,820,110,813,0,765,1000,129,0,63,999,354,277,533,553,721,230,439
2025/05/23/15:01:51.113637,265,1748005311,113282918,,1000,114,889,32,818,109,812,0,764,1000,129,0,63,999,374,281,531,554,725,228,438
2025/05/23/15:01:51.123719,266,1748005311,123289823,,1000,115,888,32,817,109,812,0,764,1000,128,0,63,999,383,285,529,554,728,228,437
2025/05/23/15:01:51.133822,267,1748005311,133348703,,1000,115,888,32,817,109,812,0,764,1000,128,0,63,999,383,285,529,554,728,228,437
2025/05/23/15:01:51.143771,268,1748005311,143372058,,1000,115,885,33,815,108,812,0,763,1000,126,0,61,999,388,290,528,554,733,230,435
2025/05/23/15:01:51.153656,269,1748005311,153310775,,1000,115,884,33,814,108,812,0,763,1000,125,0,60,999,385,291,526,555,736,231,434
2025/05/23/15:01:51.163776,270,1748005311,163456439,,1000,115,883,33,813,108,812,0,764,1000,123,0,58,999,379,294,522,554,739,231,432
2025/05/23/15:01:51.173814,271,1748005311,173387527,,1000,116,882,34,812,107,813,0,764,1000,120,0,56,999,378,301,517,554,741,235,431
2025/05/23/15:01:51.183607,272,1748005311,183312416,,1000,116,882,34,811,107,813,0,765,1000,117,0,55,999,378,309,515,553,743,235,430
2025/05/23/15:01:51.193645,273,1748005311,193268060,,1000,116,881,34,810,107,814,0,767,1000,114,0,53,999,372,315,514,552,745,237,428
2025/05/23/15:01:51.203781,274,1748005311,203378677,,1000,116,881,34,810,107,814,0,770,1000,110,0,52,999,370,317,511,552,746,237,426
2025/05/23/15:01:51.213559,275,1748005311,213283061,,1000,117,880,35,809,107,814,0,773,1000,107,0,51,999,366,318,510,551,748,239,424
2025/05/23/15:01:51.223692,276,1748005311,223305225,,1000,118,879,35,809,107,815,0,779,1000,100,0,49,999,348,315,509,548,754,241,418
2025/05/23/15:01:51.234422,277,1748005311,233706712,,1000,118,879,35,808,107,815,0,782,1000,96,0,47,999,340,314,507,547,756,243,414
2025/05/23/15:01:51.243651,278,1748005311,243340253,,1000,118,878,35,807,107,815,0,785,1000,92,0,46,999,330,311,507,545,758,245,410
2025/05/23/15:01:51.253842,279,1748005311,253362655,,1000,118,877,35,806,107,815,0,788,1000,89,0,46,996,321,309,508,544,760,247,405
2025/05/23/15:01:51.263630,280,1748005311,263338088,,1000,118,877,35,806,107,814,0,791,1000,85,0,45,993,312,309,510,543,761,247,400
2025/05/23/15:01:51.273758,281,1748005311,273327112,,1000,118,876,35,804,108,812,0,794,1000,82,0,44,990,307,308,514,541,764,249,394
2025/05/23/15:01:51.283619,282,1748005311,283280849,,1000,118,876,35,803,108,810,0,796,1000,80,0,44,991,299,310,519,540,765,249,390
2025/05/23/15:01:51.293874,283,1748005311,293361902,,1000,118,876,35,802,109,808,0,798,1000,77,0,44,991,287,312,526,539,767,247,384
2025/05/23/15:01:51.303886,284,1748005311,303397893,,1000,118,876,35,800,109,805,0,800,1000,74,0,43,992,274,317,531,538,770,247,379
2025/05/23/15:01:51.313792,285,1748005311,313383579,,1000,118,876,35,798,110,803,0,801,1000,73,0,43,992,260,320,532,537,772,247,375
2025/05/23/15:01:51.324379,286,1748005311,323877096,,1000,118,875,35,796,111,800,0,801,1000,71,0,43,992,248,319,528,536,773,247,371
2025/05/23/15:01:51.333801,287,1748005311,333362340,,1000,118,875,35,794,112,798,0,802,1000,70,0,43,991,239,315,525,535,774,245,368
2025/05/23/15:01:51.343840,288,1748005311,343342781,,1000,118,875,36,793,112,796,0,803,1000,71,0,43,992,233,309,523,534,775,245,364
2025/05/23/15:01:51.353857,289,1748005311,353362798,,1000,118,875,36,792,113,795,0,803,1000,71,0,43,993,228,305,521,534,777,245,361
2025/05/23/15:01:51.363750,290,1748005311,363353252,,1000,118,874,36,791,114,793,0,804,1000,72,0,44,994,223,300,519,533,778,243,359
2025/05/23/15:01:51.373753,291,1748005311,373340606,,1000,118,873,36,790,115,791,0,804,1000,74,0,45,995,219,297,513,532,779,243,357
2025/05/23/15:01:51.384217,292,1748005311,383602857,,1000,118,873,35,788,117,789,0,803,1000,79,0,46,995,213,293,505,532,780,243,354
2025/05/23/15:01:51.393772,293,1748005311,393317222,,1000,118,873,35,787,118,787,0,802,1000,84,0,48,992,208,287,499,531,781,241,352
2025/05/23/15:01:51.403860,294,1748005311,403377771,,1000,118,872,35,785,119,784,0,803,1000,88,0,49,990,202,281,492,530,783,241,350
2025/05/23/15:01:51.413690,295,1748005311,413359642,,1000,118,871,35,784,120,783,0,804,1000,92,0,50,989,198,277,485,529,786,241,349
2025/05/23/15:01:51.423759,296,1748005311,423283100,,1000,118,870,35,782,121,781,0,804,1000,96,0,50,990,195,273,473,529,787,239,347
2025/05/23/15:01:51.433846,297,1748005311,433370113,,1000,118,870,35,782,121,781,0,804,1000,96,0,50,990,195,273,473,529,787,239,347
2025/05/23/15:01:51.443673,298,1748005311,443310022,,1000,118,868,35,779,124,778,0,806,1000,102,0,50,994,188,257,436,527,791,237,343
2025/05/23/15:01:51.453700,299,1748005311,453350543,,1000,118,867,35,777,125,776,0,808,1000,104,0,50,994,186,248,413,527,792,235,342
2025/05/23/15:01:51.463798,300,1748005311,463382482,,1000,118,866,35,776,126,774,0,809,1000,106,0,50,992,183,240,391,526,793,235,341
2025/05/23/15:01:51.473642,301,1748005311,473275423,,1000,118,866,35,774,127,773,0,810,1000,108,0,49,991,178,230,372,525,794,235,340
2025/05/23/15:01:51.483795,302,1748005311,483470916,,1000,118,865,35,773,129,772,0,811,1000,109,0,49,990,174,222,353,524,795,233,338
2025/05/23/15:01:51.493593,303,1748005311,493289947,,1000,118,865,35,772,130,771,0,813,1000,111,0,49,990,170,212,331,524,797,231,337
2025/05/23/15:01:51.503762,304,1748005311,503339767,,1000,118,864,35,772,131,770,0,814,1000,113,0,49,990,167,203,317,524,798,231,336
2025/05/23/15:01:51.514176,305,1748005311,513550996,,1000,118,864,35,771,133,769,0,818,1000,114,0,48,988,157,186,289,523,800,228,334
2025/05/23/15:01:51.523991,306,1748005311,523360490,,1000,118,864,35,770,134,769,0,819,1000,114,0,47,988,154,177,276,523,801,228,334
2025/05/23/15:01:51.533890,307,1748005311,533512353,,1000,118,864,35,770,135,769,0,821,1000,115,0,47,988,152,169,266,522,803,228,333
2025/05/23/15:01:51.543607,308,1748005311,543311357,,1000,118,864,35,770,136,768,0,821,1000,116,0,46,988,149,162,257,522,804,228,333
2025/05/23/15:01:51.554092,309,1748005311,553504467,,1000,118,863,35,769,137,768,0,821,1000,118,0,46,989,147,157,249,522,805,226,333
2025/05/23/15:01:51.563737,310,1748005311,563376426,,1000,118,863,35,769,138,768,0,820,1000,120,0,46,989,145,153,243,522,806,224,333
2025/05/23/15:01:51.573725,311,1748005311,573301553,,1000,118,863,35,769,139,768,0,820,1000,123,0,46,989,142,149,237,522,807,224,333
2025/05/23/15:01:51.583912,312,1748005311,583429574,,1000,118,863,35,769,140,768,0,820,1000,125,0,45,988,139,147,231,522,808,224,332
2025/05/23/15:01:51.593660,313,1748005311,593306303,,1000,118,862,35,768,141,769,0,820,1000,128,0,45,989,136,142,227,522,809,222,330
2025/05/23/15:01:51.603743,314,1748005311,603378772,,1000,118,862,35,768,142,769,0,821,1000,131,0,45,989,132,137,224,522,810,222,330
2025/05/23/15:01:51.613790,315,1748005311,613319635,,1000,118,862,35,768,144,769,0,822,1000,133,0,44,989,129,134,221,522,811,222,329
2025/05/23/15:01:51.623786,316,1748005311,623406410,,1000,118,862,35,768,145,770,0,822,1000,136,0,44,990,126,131,218,521,812,222,329
2025/05/23/15:01:51.633776,317,1748005311,633394241,,1000,118,862,35,767,146,769,0,822,1000,137,0,44,989,125,129,217,521,813,222,328
2025/05/23/15:01:51.644288,318,1748005311,643517494,,1000,118,862,35,767,146,769,0,822,1000,139,0,44,989,123,127,217,521,814,220,328
2025/05/23/15:01:51.653863,319,1748005311,653394937,,1000,118,861,36,767,147,769,0,822,1000,141,0,44,989,121,126,218,521,816,220,327
2025/05/23/15:01:51.663693,320,1748005311,663306951,,1000,118,861,36,767,148,769,0,822,1000,142,0,43,989,119,125,216,521,817,220,326
2025/05/23/15:01:51.674036,321,1748005311,673393487,,1000,118,861,36,766,149,769,0,822,1000,143,0,43,990,116,125,214,521,818,220,326
2025/05/23/15:01:51.684127,322,1748005311,683594942,,1000,118,860,36,766,150,771,0,823,1000,144,0,43,990,113,124,212,521,819,220,325
2025/05/23/15:01:51.693744,323,1748005311,693307161,,1000,118,860,36,765,152,771,0,824,1000,145,0,42,989,109,122,211,521,820,220,324
2025/05/23/15:01:51.703880,324,1748005311,703330755,,1000,118,859,36,765,153,772,0,824,1000,145,0,42,985,104,119,209,521,822,220,323
2025/05/23/15:01:51.713797,325,1748005311,713322162,,1000,118,859,36,765,155,772,0,824,1000,144,0,42,985,102,118,208,521,823,222,322
2025/05/23/15:01:51.723837,326,1748005311,723320484,,1000,118,859,36,765,155,772,0,824,1000,144,0,42,985,102,118,208,521,823,222,322
2025/05/23/15:01:51.733704,327,1748005311,733278274,,1000,118,858,36,764,156,773,0,825,1000,143,0,41,986,98,117,205,520,824,222,322
2025/05/23/15:01:51.743618,328,1748005311,743287324,,1000,118,858,36,763,158,773,0,826,1000,142,0,41,986,96,116,204,520,825,222,322
2025/05/23/15:01:51.753792,329,1748005311,753366708,,1000,118,857,36,763,159,774,0,827,1000,141,0,41,986,94,116,203,520,826,222,321
2025/05/23/15:01:51.763639,330,1748005311,763300180,,1000,118,857,36,762,160,775,0,829,1000,140,0,40,986,92,115,202,520,827,222,320
2025/05/23/15:01:51.773889,331,1748005311,773429870,,1000,118,857,36,762,161,777,0,832,1000,137,0,40,985,90,114,201,520,828,222,320
2025/05/23/15:01:51.784120,332,1748005311,783392667,,1000,118,856,37,762,164,779,0,836,1000,131,0,39,985,84,112,200,520,831,224,319
2025/05/23/15:01:51.793861,333,1748005311,793461322,,1000,118,856,37,761,166,780,0,837,1000,128,0,39,984,82,112,199,520,832,226,319
2025/05/23/15:01:51.803810,334,1748005311,803327798,,1000,118,855,37,761,169,780,0,838,1000,124,0,39,983,79,112,199,520,832,226,319
2025/05/23/15:01:51.813852,335,1748005311,813454627,,1000,118,854,37,761,170,781,0,838,1000,122,0,38,985,77,111,198,520,833,226,318
2025/05/23/15:01:51.823929,336,1748005311,823475122,,1000,118,854,37,760,172,782,0,838,1000,120,0,38,987,75,111,198,520,835,226,318
2025/05/23/15:01:51.833682,337,1748005311,833324432,,1000,118,854,37,760,174,783,0,838,1000,117,0,38,987,73,110,198,520,836,226,318
2025/05/23/15:01:51.843673,338,1748005311,843283891,,1000,118,854,37,760,175,784,0,838,1000,115,0,38,985,72,109,199,520,837,226,318
2025/05/23/15:01:51.853667,339,1748005311,853292226,,1000,118,853,37,759,177,785,0,839,1000,112,0,38,984,71,109,201,520,838,228,317
2025/05/23/15:01:51.863851,340,1748005311,863329887,,1000,118,853,37,759,178,787,0,839,1000,109,0,38,985,71,108,202,520,839,230,316
2025/05/23/15:01:51.873636,341,1748005311,873303413,,1000,118,853,37,759,180,789,0,839,1000,107,0,38,985,70,108,203,520,841,231,316
2025/05/23/15:01:51.883654,342,1748005311,883296728,,1000,118,853,37,759,181,790,0,839,1000,104,0,37,986,69,108,202,520,842,231,315
2025/05/23/15:01:51.893845,343,1748005311,893399477,,1000,118,852,38,759,182,791,0,839,1000,102,0,37,986,69,109,201,520,842,231,315
2025/05/23/15:01:51.903729,344,1748005311,903359651,,1000,118,852,38,759,183,791,0,838,1000,101,0,36,985,68,109,198,519,843,231,316
2025/05/23/15:01:51.913671,345,1748005311,913313388,,1000,118,852,38,759,183,791,0,837,1000,100,0,36,985,68,109,196,519,844,230,316
2025/05/23/15:01:51.923679,346,1748005311,923327207,,1000,118,852,38,759,183,791,0,836,1000,99,0,36,985,68,109,194,518,844,230,316
2025/05/23/15:01:51.933557,347,1748005311,933296203,,1000,118,851,38,758,183,790,0,836,1000,98,0,37,986,68,109,194,518,847,228,316
2025/05/23/15:01:51.943917,348,1748005311,943510293,,1000,118,851,38,758,184,789,0,835,1000,98,0,37,986,68,109,194,518,848,228,316
2025/05/23/15:01:51.953871,349,1748005311,953397274,,1000,118,850,38,758,185,789,0,835,1000,98,0,37,986,68,109,195,518,850,230,316
2025/05/23/15:01:51.963902,350,1748005311,963424921,,1000,117,850,38,758,185,788,0,835,1000,98,0,37,985,68,108,196,518,850,230,316
2025/05/23/15:01:51.973692,351,1748005311,973296642,,1000,117,850,38,757,185,787,0,835,1000,98,0,37,983,68,108,197,517,851,230,316
2025/05/23/15:01:51.983685,352,1748005311,983314752,,1000,118,849,39,757,186,787,0,835,1000,98,0,36,982,68,108,197,517,851,230,317
2025/05/23/15:01:51.993839,353,1748005311,993340253,,1000,118,849,39,757,186,787,0,835,1000,98,0,36,982,68,108,197,517,851,230,317
2025/05/23/15:01:52.003678,354,1748005312,3316879,,1000,118,849,39,757,187,786,0,834,1000,97,0,36,980,69,109,197,517,852,230,317
2025/05/23/15:01:52.013600,355,1748005312,13281583,,1000,118,849,39,757,187,785,0,833,1000,97,0,37,980,69,109,197,517,853,230,317
2025/05/23/15:01:52.023674,356,1748005312,23309469,,1000,118,849,39,757,187,785,0,833,1000,97,0,37,980,69,109,197,517,853,230,317
2025/05/23/15:01:52.033962,357,1748005312,33368349,,1000,118,849,39,756,189,785,0,832,1000,97,0,37,980,69,109,199,517,854,230,318
2025/05/23/15:01:52.043866,358,1748005312,43400526,,1000,118,849,39,755,189,784,0,832,1000,97,0,37,979,68,108,199,516,854,230,317
2025/05/23/15:01:52.053762,359,1748005312,53387165,,1000,118,849,39,755,190,784,0,832,1000,97,0,37,979,68,108,199,516,855,231,317
2025/05/23/15:01:52.063839,360,1748005312,63397407,,1000,118,849,39,755,190,784,0,832,1000,97,0,37,979,68,108,199,516,855,230,317
2025/05/23/15:01:52.073769,361,1748005312,73389291,,1000,118,849,40,754,190,782,0,832,1000,97,0,37,979,68,108,200,516,855,230,317
2025/05/23/15:01:52.083670,362,1748005312,83321809,,1000,118,849,40,753,190,782,0,831,1000,97,0,37,980,69,108,200,516,855,230,317
2025/05/23/15:01:52.093838,363,1748005312,93426465,,1000,118,849,40,753,190,782,0,831,1000,97,0,37,980,69,109,199,515,855,228,317
2025/05/23/15:01:52.103746,364,1748005312,103362560,,1000,118,849,40,752,190,782,0,830,1000,97,0,37,980,69,110,199,515,855,228,316
2025/05/23/15:01:52.113927,365,1748005312,113347291,,1000,118,849,40,752,190,781,0,830,1000,96,0,37,979,69,111,199,515,856,226,315
2025/05/23/15:01:52.123949,366,1748005312,123419761,,1000,118,849,40,752,190,781,0,830,1000,96,0,38,979,70,111,199,515,856,226,314
2025/05/23/15:01:52.133767,367,1748005312,133414983,,1000,118,849,40,751,190,781,0,829,1000,96,0,38,979,70,111,199,515,857,226,315
2025/05/23/15:01:52.143746,368,1748005312,143362760,,1000,118,848,40,751,190,780,0,829,1000,96,0,38,979,70,111,199,515,857,226,314
2025/05/23/15:01:52.153802,369,1748005312,153305530,,1000,117,848,40,751,190,780,0,829,1000,96,0,38,979,70,111,199,515,858,226,314
2025/05/23/15:01:52.163930,370,1748005312,163348913,,1000,117,849,40,750,190,780,0,829,1000,96,0,38,978,71,112,198,514,858,226,314
2025/05/23/15:01:52.173754,371,1748005312,173363924,,1000,117,849,40,750,190,780,0,829,1000,95,0,39,978,72,113,199,514,858,226,314
2025/05/23/15:01:52.183946,372,1748005312,183391332,,1000,118,849,40,750,190,780,0,828,1000,95,0,39,978,72,113,199,514,858,226,314
2025/05/23/15:01:52.193855,373,1748005312,193420171,,1000,118,849,40,750,189,780,0,828,1000,95,0,39,975,74,114,200,514,858,226,313
2025/05/23/15:01:52.203827,374,1748005312,203392744,,1000,118,849,40,750,189,780,0,829,1000,94,0,39,971,75,114,201,514,859,226,313
2025/05/23/15:01:52.213749,375,1748005312,213320255,,1000,118,849,40,750,188,780,0,829,1000,94,0,40,973,76,114,202,514,859,226,313
2025/05/23/15:01:52.223846,376,1748005312,223441839,,1000,118,849,40,750,188,780,0,829,1000,93,0,40,978,76,114,202,514,859,226,313
2025/05/23/15:01:52.233745,377,1748005312,233396053,,1000,117,849,40,750,188,780,0,828,1000,92,0,40,980,77,114,205,514,859,226,313
2025/05/23/15:01:52.243833,378,1748005312,243418693,,1000,117,849,40,750,188,781,0,828,1000,92,0,40,980,78,115,207,514,859,226,313
2025/05/23/15:01:52.253802,379,1748005312,253371953,,1000,117,849,40,750,187,781,0,828,1000,91,0,40,979,79,115,209,514,859,226,313
2025/05/23/15:01:52.263785,380,1748005312,263314247,,1000,117,849,40,750,187,781,0,828,1000,91,0,41,978,80,116,210,514,860,226,312
2025/05/23/15:01:52.273737,381,1748005312,273317337,,1000,117,849,40,750,187,781,0,828,1000,91,0,41,978,82,118,211,514,860,226,312
2025/05/23/15:01:52.283982,382,1748005312,283431529,,1000,117,849,40,750,187,781,0,828,1000,91,0,41,978,82,118,211,514,860,226,312
2025/05/23/15:01:52.293828,383,1748005312,293368339,,1000,117,849,40,749,186,780,0,828,1000,89,0,42,978,85,122,214,514,860,224,312
2025/05/23/15:01:52.303613,384,1748005312,303305625,,1000,117,849,40,749,185,780,0,827,1000,88,0,43,979,86,123,217,514,860,224,312
2025/05/23/15:01:52.313708,385,1748005312,313321590,,1000,117,849,41,749,185,780,0,827,1000,88,0,44,979,88,125,219,513,859,224,313
2025/05/23/15:01:52.323891,386,1748005312,323419570,,1000,117,849,41,749,185,780,0,827,1000,87,0,45,978,90,127,220,514,860,224,313
2025/05/23/15:01:52.333870,387,1748005312,333411693,,1000,117,849,41,749,184,780,0,826,1000,87,0,46,978,93,129,221,514,859,224,313
2025/05/23/15:01:52.343873,388,1748005312,343377828,,1000,117,849,41,749,183,780,0,825,1000,86,0,47,977,97,132,222,514,859,224,314
2025/05/23/15:01:52.353944,389,1748005312,353339672,,1000,117,849,41,749,183,780,0,824,1000,87,0,49,955,100,135,224,514,859,224,314
2025/05/23/15:01:52.364031,390,1748005312,363544225,,1000,117,849,41,749,182,780,0,823,1000,87,0,50,929,103,136,227,514,859,224,315
2025/05/23/15:01:52.373806,391,1748005312,373422622,,1000,117,849,42,749,180,781,0,821,1000,88,0,53,913,111,138,235,514,859,224,317
2025/05/23/15:01:52.383941,392,1748005312,383359670,,1000,117,851,42,750,179,781,0,820,1000,90,0,55,915,115,139,243,515,858,226,318
2025/05/23/15:01:52.393968,393,1748005312,393456697,,1000,117,852,42,750,178,782,0,818,1000,92,0,58,916,119,139,252,515,857,226,320
2025/05/23/15:01:52.404054,394,1748005312,403477191,,1000,117,854,42,750,177,782,0,817,1000,96,0,61,915,124,141,260,516,856,226,322
2025/05/23/15:01:52.413830,395,1748005312,413401603,,1000,117,856,42,751,177,782,0,816,1000,99,0,64,921,130,143,266,517,857,226,324
2025/05/23/15:01:52.423902,396,1748005312,423382282,,1000,117,858,43,752,176,782,0,815,1000,103,0,69,934,136,144,271,517,856,228,327
2025/05/23/15:01:52.433721,397,1748005312,433334350,,1000,118,860,43,752,175,781,0,812,1000,108,0,74,948,143,144,276,518,855,228,331
2025/05/23/15:01:52.443773,398,1748005312,443284511,,1000,118,862,43,753,174,779,0,809,1000,112,0,82,960,149,147,282,519,853,228,334
2025/05/23/15:01:52.453714,399,1748005312,453372001,,1000,118,864,43,753,174,778,0,806,1000,115,0,87,967,155,151,286,520,852,228,337
2025/05/23/15:01:52.463866,400,1748005312,463470220,,1000,118,866,43,753,173,776,0,803,1000,118,0,92,970,162,154,288,521,852,228,342
2025/05/23/15:01:52.473807,401,1748005312,473419189,,1000,117,868,43,754,173,774,0,799,1000,122,0,95,970,169,157,288,521,850,226,347
2025/05/23/15:01:52.483877,402,1748005312,483350038,,1000,117,871,44,755,173,773,0,795,1000,127,0,98,975,178,162,287,522,849,226,352
2025/05/23/15:01:52.493854,403,1748005312,493395566,,1000,118,874,44,755,173,771,0,793,1000,132,0,102,979,190,166,286,522,849,228,357
2025/05/23/15:01:52.503897,404,1748005312,503420352,,1000,118,877,44,756,172,770,0,790,1000,138,0,107,981,204,170,285,522,849,228,360
2025/05/23/15:01:52.513803,405,1748005312,513453483,,1000,118,880,44,757,172,769,0,787,1000,143,0,111,981,214,173,286,522,848,228,363
2025/05/23/15:01:52.523709,406,1748005312,523350477,,1000,118,883,45,758,172,768,0,785,1000,148,0,113,981,222,176,287,522,848,228,365
2025/05/23/15:01:52.533784,407,1748005312,533332824,,1000,118,886,45,759,172,767,0,783,1000,151,0,114,980,232,178,287,522,847,226,368
2025/05/23/15:01:52.544160,408,1748005312,543505907,,1000,118,889,45,759,172,767,0,781,1000,154,0,115,979,244,179,287,522,845,228,370
2025/05/23/15:01:52.553772,409,1748005312,553391695,,1000,118,892,45,760,172,766,0,779,1000,160,0,117,979,261,179,285,522,845,228,374
2025/05/23/15:01:52.563897,410,1748005312,563403367,,1000,118,895,45,762,172,765,0,777,1000,165,0,119,979,274,179,285,522,845,228,377
2025/05/23/15:01:52.573670,411,1748005312,573320150,,1000,118,898,46,764,172,765,0,776,1000,170,0,119,979,290,180,285,522,844,230,381
2025/05/23/15:01:52.583570,412,1748005312,583289146,,1000,118,898,46,764,172,765,0,776,1000,170,0,119,979,290,180,285,522,844,230,381
2025/05/23/15:01:52.593692,413,1748005312,593343734,,1000,118,906,46,768,171,765,0,773,1000,178,0,124,979,317,182,283,521,844,230,388
2025/05/23/15:01:52.603875,414,1748005312,603346586,,1000,118,909,47,770,171,765,0,771,1000,181,0,125,979,325,181,282,521,844,228,392
2025/05/23/15:01:52.613793,415,1748005312,613450050,,1000,119,911,47,770,171,765,0,770,1000,182,0,126,980,331,182,282,521,843,228,395
2025/05/23/15:01:52.623839,416,1748005312,623359918,,1000,119,913,47,771,170,764,0,768,1000,182,0,126,971,337,183,283,521,842,228,398
2025/05/23/15:01:52.633776,417,1748005312,633290052,,1000,119,916,47,772,170,764,0,767,1000,181,0,125,956,350,184,283,520,841,228,403
2025/05/23/15:01:52.643805,418,1748005312,643302202,,1000,119,918,48,773,169,763,0,766,1000,180,0,124,952,344,185,283,520,840,228,405
2025/05/23/15:01:52.653794,419,1748005312,653386354,,1000,119,918,48,773,169,763,0,766,1000,180,0,124,952,344,185,283,520,840,228,405
2025/05/23/15:01:52.663635,420,1748005312,663282632,,1000,119,922,48,774,167,763,0,764,1000,177,0,119,943,333,184,280,520,838,226,411
2025/05/23/15:01:52.673670,421,1748005312,673296689,,1000,119,923,48,774,166,762,0,764,1000,177,0,117,944,334,183,278,520,837,226,414
2025/05/23/15:01:52.683770,422,1748005312,683310747,,1000,119,923,48,773,165,762,0,763,1000,176,0,116,943,339,182,275,520,836,226,416
2025/05/23/15:01:52.693739,423,1748005312,693303346,,1000,119,924,48,773,164,761,0,762,1000,175,0,114,944,343,181,273,520,835,226,419
2025/05/23/15:01:52.703801,424,1748005312,703396558,,1000,119,925,48,773,164,761,0,761,1000,175,0,112,942,341,180,271,520,834,226,421
2025/05/23/15:01:52.714001,425,1748005312,713380575,,1000,119,926,49,774,163,761,0,761,1000,176,0,108,941,334,178,268,520,833,226,423
2025/05/23/15:01:52.723891,426,1748005312,723371028,,1000,119,927,49,776,162,760,0,760,1000,176,0,104,939,328,175,265,519,833,226,424
2025/05/23/15:01:52.733800,427,1748005312,733390092,,1000,119,928,49,777,162,760,0,760,1000,175,0,101,936,324,173,263,519,833,226,426
2025/05/23/15:01:52.743782,428,1748005312,743392705,,1000,119,930,49,779,162,759,0,759,1000,175,0,97,930,321,172,261,519,833,226,429
2025/05/23/15:01:52.753660,429,1748005312,753322124,,1000,119,931,49,779,161,759,0,759,1000,174,0,95,927,320,170,260,518,833,226,431
2025/05/23/15:01:52.763866,430,1748005312,763389587,,1000,120,933,49,780,161,759,0,758,1000,173,0,93,926,318,168,258,517,832,228,434
2025/05/23/15:01:52.773694,431,1748005312,773332118,,1000,120,934,50,781,160,758,0,758,1000,174,0,90,922,315,167,256,517,832,228,437
2025/05/23/15:01:52.783891,432,1748005312,783359527,,1000,120,935,50,782,159,758,0,758,1000,175,0,88,918,312,166,253,516,831,228,439
2025/05/23/15:01:52.793866,433,1748005312,793393373,,1000,121,936,50,784,159,758,0,757,1000,175,0,85,921,308,166,248,516,831,228,442
2025/05/23/15:01:52.803741,434,1748005312,803362846,,1000,121,937,50,785,158,757,0,757,1000,175,0,83,926,305,165,244,515,831,230,445
2025/05/23/15:01:52.813712,435,1748005312,813364267,,1000,122,939,50,786,158,757,0,756,1000,174,0,80,931,304,164,239,514,831,230,449
2025/05/23/15:01:52.823880,436,1748005312,823363780,,1000,122,939,50,787,157,757,0,756,1000,171,0,78,930,304,162,234,513,829,231,451
2025/05/23/15:01:52.833704,437,1748005312,833327531,,1000,123,939,50,787,157,757,0,755,1000,168,0,77,930,302,160,230,513,828,231,454
2025/05/23/15:01:52.843685,438,1748005312,843312740,,1000,123,939,50,786,156,756,0,755,1000,164,0,76,930,299,158,226,513,827,231,458
2025/05/23/15:01:52.853882,439,1748005312,853401184,,1000,123,939,50,786,156,756,0,755,1000,164,0,76,930,299,158,226,513,827,231,458
2025/05/23/15:01:52.863891,440,1748005312,863380670,,1000,125,939,51,784,155,754,0,755,1000,155,0,75,953,288,155,222,512,825,231,466
2025/05/23/15:01:52.874214,441,1748005312,873566389,,1000,125,939,51,783,155,753,0,754,1000,149,0,75,973,281,153,219,512,824,230,472
2025/05/23/15:01:52.883956,442,1748005312,883421659,,1000,125,939,51,783,155,753,0,754,1000,149,0,75,973,281,153,219,512,824,230,472
2025/05/23/15:01:52.893893,443,1748005312,893461704,,1000,126,939,51,782,155,751,0,752,1000,142,0,74,977,272,150,214,513,823,230,478
2025/05/23/15:01:52.903683,444,1748005312,903335332,,1000,127,940,52,782,154,750,0,751,1000,140,0,74,976,268,149,214,513,823,230,480
2025/05/23/15:01:52.913876,445,1748005312,913359403,,1000,127,940,52,782,154,749,0,750,1000,138,0,74,975,266,148,213,513,823,230,481
2025/05/23/15:01:52.923888,446,1748005312,923392772,,1000,128,939,52,782,153,748,0,749,1000,137,0,74,974,265,148,212,513,822,230,481
2025/05/23/15:01:52.933842,447,1748005312,933372497,,1000,128,939,52,782,152,747,0,748,1000,135,0,73,973,262,146,210,513,821,230,482
2025/05/23/15:01:52.943831,448,1748005312,943354368,,1000,128,939,52,783,151,746,0,748,1000,135,0,73,973,260,145,209,514,821,230,482
2025/05/23/15:01:52.954006,449,1748005312,953440666,,1000,129,939,52,783,151,746,0,747,1000,134,0,72,975,258,143,208,514,820,230,482
2025/05/23/15:01:52.963893,450,1748005312,963442802,,1000,129,939,52,783,150,746,0,747,1000,134,0,72,975,256,141,208,514,819,230,482
2025/05/23/15:01:52.973834,451,1748005312,973477602,,1000,129,938,52,784,150,745,0,746,1000,132,0,73,975,253,139,207,514,819,230,482
2025/05/23/15:01:52.983736,452,1748005312,983361005,,1000,129,938,52,783,149,745,0,745,1000,131,0,74,973,251,136,206,514,819,230,482
2025/05/23/15:01:52.994080,453,1748005312,993562936,,1000,130,938,52,782,148,745,0,744,1000,129,0,74,973,250,134,206,514,818,228,482
2025/05/23/15:01:53.003823,454,1748005313,3367424,,1000,130,938,52,782,148,744,0,744,1000,128,0,74,974,250,132,206,514,818,228,481
2025/05/23/15:01:53.013821,455,1748005313,13328075,,1000,130,938,52,781,148,744,0,744,1000,127,0,73,974,247,131,207,514,818,228,481
2025/05/23/15:01:53.023853,456,1748005313,23445844,,1000,130,938,53,781,148,744,0,744,1000,127,0,72,974,244,130,208,514,818,228,482
2025/05/23/15:01:53.033833,457,1748005313,33408164,,1000,130,939,53,781,147,743,0,744,1000,126,0,72,974,242,129,211,514,817,228,483
2025/05/23/15:01:53.043782,458,1748005313,43354272,,1000,130,939,53,781,147,743,0,744,1000,126,0,72,974,241,128,214,514,817,228,483
2025/05/23/15:01:53.053693,459,1748005313,53330898,,1000,130,939,53,781,147,743,0,743,1000,125,0,72,975,242,128,215,515,817,228,484
2025/05/23/15:01:53.063956,460,1748005313,63373327,,1000,130,939,53,781,146,743,0,743,1000,125,0,72,974,243,128,215,515,816,228,484
2025/05/23/15:01:53.073860,461,1748005313,73315858,,1000,130,939,53,780,146,743,0,743,1000,125,0,72,974,243,127,216,514,816,228,485
2025/05/23/15:01:53.083842,462,1748005313,83353996,,1000,130,939,53,779,145,742,0,743,1000,125,0,72,975,243,126,216,514,814,228,485
2025/05/23/15:01:53.093712,463,1748005313,93334674,,1000,131,939,53,779,145,742,0,743,1000,125,0,72,976,244,126,216,514,814,228,485
2025/05/23/15:01:53.103812,464,1748005313,103355646,,1000,131,939,53,779,145,742,0,742,1000,125,0,72,976,244,125,216,514,813,228,484
2025/05/23/15:01:53.114320,465,1748005313,113539934,,1000,131,939,53,779,144,742,0,742,1000,125,0,72,976,244,125,217,514,813,228,483
2025/05/23/15:01:53.123850,466,1748005313,123364686,,1000,131,939,53,778,144,742,0,742,1000,124,0,71,975,244,125,219,514,813,228,482
2025/05/23/15:01:53.134125,467,1748005313,133441686,,1000,131,939,53,777,144,742,0,743,1000,124,0,71,975,244,125,221,514,812,228,480
2025/05/23/15:01:53.143842,468,1748005313,143493413,,1000,131,939,53,777,144,742,0,743,1000,124,0,71,975,244,125,221,514,812,228,480
2025/05/23/15:01:53.153782,469,1748005313,153376579,,1000,131,939,53,777,143,742,0,743,1000,122,0,71,975,240,125,218,514,812,228,475
2025/05/23/15:01:53.163984,470,1748005313,163381576,,1000,131,939,53,776,143,742,0,743,1000,121,0,72,976,237,124,217,514,812,230,473
2025/05/23/15:01:53.173944,471,1748005313,173404455,,1000,131,938,53,776,143,741,0,743,1000,121,0,72,976,233,123,216,514,812,230,469
2025/05/23/15:01:53.183896,472,1748005313,183471918,,1000,131,939,53,775,143,742,0,743,1000,121,0,71,977,228,121,217,513,812,230,467
2025/05/23/15:01:53.193832,473,1748005313,193392992,,1000,131,938,54,774,143,742,0,743,1000,121,0,71,977,222,119,219,513,812,231,464
2025/05/23/15:01:53.203759,474,1748005313,203271865,,1000,131,938,54,773,143,742,0,743,1000,121,0,70,976,218,117,221,513,811,231,462
2025/05/23/15:01:53.213767,475,1748005313,213399648,,1000,131,939,54,773,142,742,0,743,1000,121,0,70,976,212,116,225,514,811,233,460
2025/05/23/15:01:53.223971,476,1748005313,223447799,,1000,131,939,54,770,142,741,0,741,1000,122,0,68,978,198,114,230,514,811,237,455
2025/05/23/15:01:53.233686,477,1748005313,233321905,,1000,131,939,54,768,142,741,0,741,1000,122,0,67,978,191,114,231,514,811,237,452
2025/05/23/15:01:53.243746,478,1748005313,243350744,,1000,131,939,54,767,142,741,0,741,1000,122,0,66,978,184,112,232,514,811,239,451
2025/05/23/15:01:53.253710,479,1748005313,253312110,,1000,132,939,55,765,142,741,0,740,1000,122,0,66,978,177,112,234,514,811,243,449
2025/05/23/15:01:53.263773,480,1748005313,263369798,,1000,132,939,55,764,142,740,0,739,1000,122,0,66,979,170,111,236,514,811,245,447
2025/05/23/15:01:53.273879,481,1748005313,273406028,,1000,132,939,55,763,142,740,0,738,1000,122,0,66,980,166,110,237,514,810,247,446
2025/05/23/15:01:53.283600,482,1748005313,283281564,,1000,132,938,55,762,142,740,0,737,1000,121,0,66,980,162,108,240,514,810,247,445
2025/05/23/15:01:53.293741,483,1748005313,293307065,,1000,132,938,55,761,142,739,0,737,1000,120,0,65,980,158,106,238,514,810,249,444
2025/05/23/15:01:53.303678,484,1748005313,303300380,,1000,132,939,55,761,142,739,0,737,1000,120,0,65,978,156,105,229,514,810,249,443
2025/05/23/15:01:53.313903,485,1748005313,313499927,,1000,132,939,55,761,142,739,0,737,1000,119,0,65,977,155,104,223,513,810,251,442
2025/05/23/15:01:53.323831,486,1748005313,323385238,,1000,132,939,55,760,142,739,0,738,1000,119,0,65,979,154,104,222,513,810,251,440
2025/05/23/15:01:53.333676,487,1748005313,333316564,,1000,132,939,55,759,142,739,0,738,1000,118,0,65,980,153,103,221,513,810,251,438
2025/05/23/15:01:53.343700,488,1748005313,343323469,,1000,132,939,55,759,142,739,0,738,1000,118,0,65,979,153,103,221,513,810,253,436
2025/05/23/15:01:53.353673,489,1748005313,353325605,,1000,132,939,56,758,142,739,0,738,1000,118,0,65,978,154,103,221,513,810,253,435
2025/05/23/15:01:53.363760,490,1748005313,363340616,,1000,132,939,56,758,142,739,0,738,1000,118,0,65,977,154,102,221,513,809,253,433
2025/05/23/15:01:53.373895,491,1748005313,373461484,,1000,132,939,56,758,142,739,0,738,1000,118,0,65,978,155,102,220,513,809,255,432
2025/05/23/15:01:53.384631,492,1748005313,383829593,,1000,132,939,56,758,142,739,0,738,1000,117,0,66,978,157,102,221,513,809,255,432
2025/05/23/15:01:53.394020,493,1748005313,393484592,,1000,132,939,56,758,142,739,0,738,1000,117,0,66,979,160,102,221,513,809,255,431
2025/05/23/15:01:53.403801,494,1748005313,403341770,,1000,132,938,56,757,141,739,0,738,1000,117,0,67,980,162,102,222,513,809,255,429
2025/05/23/15:01:53.413828,495,1748005313,413431406,,1000,132,938,56,757,141,739,0,737,1000,117,0,67,980,165,103,222,513,809,255,429
2025/05/23/15:01:53.423824,496,1748005313,423413753,,1000,132,938,56,757,141,739,0,737,1000,117,0,67,980,166,103,223,513,809,255,429
2025/05/23/15:01:53.433621,497,1748005313,433296203,,1000,132,938,56,757,141,739,0,737,1000,117,0,68,980,170,104,224,513,809,255,429
2025/05/23/15:01:53.443698,498,1748005313,443282842,,1000,132,938,56,757,141,739,0,737,1000,117,0,68,980,170,104,224,513,809,255,429
2025/05/23/15:01:53.453958,499,1748005313,453463792,,1000,132,938,56,757,140,738,0,737,1000,115,0,71,981,180,106,226,513,808,253,428
2025/05/23/15:01:53.464008,500,1748005313,463454723,,1000,132,938,56,757,140,738,0,737,1000,114,0,72,981,185,108,226,513,808,253,428
2025/05/23/15:01:53.473949,501,1748005313,473462581,,1000,132,938,56,757,140,738,0,736,1000,114,0,73,980,190,110,227,512,808,253,427
2025/05/23/15:01:53.484016,502,1748005313,483420133,,1000,132,938,56,757,140,738,0,736,1000,113,0,74,980,198,113,229,512,808,253,427
2025/05/23/15:01:53.494397,503,1748005313,493642330,,1000,132,938,56,757,140,738,0,736,1000,111,0,77,980,219,119,235,512,808,253,426
2025/05/23/15:01:53.504208,504,1748005313,503513813,,1000,132,938,56,757,140,738,0,736,1000,111,0,77,980,219,119,235,512,808,253,426
2025/05/23/15:01:53.513879,505,1748005313,513434886,,1000,132,937,56,756,139,738,0,736,1000,109,0,78,979,230,123,237,512,808,251,425
2025/05/23/15:01:53.523858,506,1748005313,523447990,,1000,132,936,57,756,139,738,0,735,1000,108,0,81,979,251,131,240,511,808,251,423
2025/05/23/15:01:53.533704,507,1748005313,533319473,,1000,132,935,57,756,139,738,0,735,1000,106,0,82,980,260,136,244,511,808,251,422
2025/05/23/15:01:53.543879,508,1748005313,543416976,,1000,132,935,57,755,138,738,0,735,1000,105,0,83,979,269,143,249,511,808,251,422
2025/05/23/15:01:53.553769,509,1748005313,553319215,,1000,132,934,57,755,138,737,0,735,1000,104,0,84,980,278,149,253,510,808,249,421
2025/05/23/15:01:53.563730,510,1748005313,563312530,,1000,132,934,57,755,138,737,0,735,1000,104,0,85,980,289,155,256,510,807,249,421
2025/05/23/15:01:53.573753,511,1748005313,573303222,,1000,132,934,57,755,138,737,0,735,1000,104,0,86,981,300,160,260,509,807,249,421
2025/05/23/15:01:53.583693,512,1748005313,583333015,,1000,131,933,57,755,138,737,0,735,1000,104,0,86,982,313,165,266,509,807,249,420
2025/05/23/15:01:53.593760,513,1748005313,593365669,,1000,131,933,57,755,138,736,0,735,1000,105,0,87,983,333,170,271,509,807,249,420
2025/05/23/15:01:53.603748,514,1748005313,603309392,,1000,131,933,57,755,138,736,0,735,1000,106,0,88,983,356,177,275,509,807,247,420
2025/05/23/15:01:53.613871,515,1748005313,613296270,,1000,132,933,57,755,138,736,0,735,1000,108,0,90,983,377,186,279,509,807,247,420
2025/05/23/15:01:53.624270,516,1748005313,623641967,,1000,132,932,57,756,138,735,0,734,1000,108,0,92,983,393,191,282,508,807,247,421
2025/05/23/15:01:53.633854,517,1748005313,633422613,,1000,132,932,57,756,138,735,0,733,1000,109,0,94,984,415,194,285,508,807,247,422
2025/05/23/15:01:53.643964,518,1748005313,643502473,,1000,131,932,57,756,138,735,0,733,1000,110,0,95,984,438,197,289,508,807,245,422
2025/05/23/15:01:53.653732,519,1748005313,653320789,,1000,131,932,57,756,138,735,0,732,1000,110,0,96,984,453,198,294,508,807,245,422
2025/05/23/15:01:53.663810,520,1748005313,663322210,,1000,131,931,57,755,137,735,0,731,1000,110,0,96,984,459,199,298,508,807,243,422
2025/05/23/15:01:53.673697,521,1748005313,673296928,,1000,131,931,57,755,137,735,0,731,1000,111,0,96,984,460,201,301,508,806,241,422
2025/05/23/15:01:53.683834,522,1748005313,683303356,,1000,131,931,57,755,137,734,0,730,1000,112,0,96,984,475,205,302,508,806,241,422
2025/05/23/15:01:53.693785,523,1748005313,693429946,,1000,131,930,57,755,137,734,0,729,1000,113,0,97,983,499,209,304,507,807,241,422
2025/05/23/15:01:53.703748,524,1748005313,703304052,,1000,131,930,57,755,137,734,0,729,1000,114,0,97,982,524,215,307,507,807,239,422
2025/05/23/15:01:53.713886,525,1748005313,713443756,,1000,131,930,57,755,137,734,0,728,1000,115,0,98,981,553,222,312,507,807,239,422
2025/05/23/15:01:53.723775,526,1748005313,723354816,,1000,131,930,57,755,137,734,0,727,1000,115,0,99,981,601,231,319,507,807,239,421
2025/05/23/15:01:53.733873,527,1748005313,733405113,,1000,131,930,57,755,137,734,0,727,1000,115,0,99,981,601,231,319,507,807,239,421
2025/05/23/15:01:53.743789,528,1748005313,743355751,,1000,131,929,58,755,136,733,0,726,1000,116,0,102,981,652,242,329,507,807,235,421
2025/05/23/15:01:53.753682,529,1748005313,753272533,,1000,131,929,58,755,136,732,0,725,1000,117,0,104,981,669,248,332,507,807,235,421
2025/05/23/15:01:53.763833,530,1748005313,763457059,,1000,131,928,58,755,136,732,0,724,1000,119,0,106,981,695,253,335,507,806,233,422
2025/05/23/15:01:53.773824,531,1748005313,773355960,,1000,131,928,58,755,136,731,0,723,1000,121,0,107,982,728,255,339,507,806,231,423
2025/05/23/15:01:53.784155,532,1748005313,783491611,,1000,131,927,58,755,136,731,0,722,1000,123,0,108,983,763,257,344,507,806,233,423
2025/05/23/15:01:53.793991,533,1748005313,793546676,,1000,131,927,58,755,135,730,0,720,1000,125,0,110,983,807,266,356,507,806,231,424
2025/05/23/15:01:53.803838,534,1748005313,803336381,,1000,131,927,58,755,135,729,0,719,1000,125,0,112,983,827,270,361,507,806,231,425
2025/05/23/15:01:53.813718,535,1748005313,813326597,,1000,131,927,58,755,135,729,0,719,1000,126,0,114,983,849,274,366,507,806,231,426
2025/05/23/15:01:53.823835,536,1748005313,823430299,,1000,131,927,58,755,134,728,0,718,1000,126,0,115,985,871,278,371,507,806,230,426
2025/05/23/15:01:53.833653,537,1748005313,833289623,,1000,131,927,58,755,134,728,0,717,1000,127,0,115,985,911,286,377,507,806,230,426
2025/05/23/15:01:53.844042,538,1748005313,843520164,,1000,131,927,58,755,134,727,0,716,1000,129,0,115,984,935,292,381,506,806,230,426
2025/05/23/15:01:53.853566,539,1748005313,853264808,,1000,131,927,58,756,134,727,0,715,1000,131,0,114,983,958,296,388,506,805,228,425
2025/05/23/15:01:53.863631,540,1748005313,863312959,,1000,131,926,58,756,133,727,0,715,1000,132,0,115,983,982,298,395,506,805,228,425
2025/05/23/15:01:53.873683,541,1748005313,873351097,,1000,131,926,58,756,133,727,0,714,1000,133,0,116,982,999,301,398,506,805,228,424
2025/05/23/15:01:53.883951,542,1748005313,883430719,,1000,131,926,58,756,133,727,0,713,1000,134,0,118,982,999,304,401,507,805,228,424
2025/05/23/15:01:53.893757,543,1748005313,893342256,,1000,131,926,58,756,133,726,0,712,1000,134,0,119,982,999,309,405,507,805,226,424
2025/05/23/15:01:53.903830,544,1748005313,903407335,,1000,131,925,58,755,133,726,0,712,1000,134,0,121,983,999,311,406,507,805,226,424
2025/05/23/15:01:53.913779,545,1748005313,913313865,,1000,131,925,58,755,132,725,0,711,1000,135,0,122,985,999,315,406,507,805,226,424
2025/05/23/15:01:53.923913,546,1748005313,923417568,,1000,131,925,58,755,132,725,0,711,1000,136,0,123,985,999,320,408,507,804,224,424
2025/05/23/15:01:53.933711,547,1748005313,933307886,,1000,131,925,58,755,132,725,0,710,1000,138,0,123,984,999,324,409,507,805,226,425
2025/05/23/15:01:53.943810,548,1748005313,943367242,,1000,131,925,58,755,131,725,0,709,1000,140,0,125,985,999,330,413,507,805,226,425
2025/05/23/15:01:53.953964,549,1748005313,953359603,,1000,131,924,58,755,131,725,0,709,1000,142,0,128,986,999,336,416,507,806,224,425
2025/05/23/15:01:53.963838,550,1748005313,963458061,,1000,131,924,58,755,131,724,0,708,1000,142,0,130,988,999,343,422,507,805,224,425
2025/05/23/15:01:53.973830,551,1748005313,973320484,,1000,131,924,58,754,131,724,0,707,1000,143,0,133,989,999,353,428,507,805,224,425
2025/05/23/15:01:53.983864,552,1748005313,983431339,,1000,131,924,58,754,130,724,0,707,1000,144,0,135,990,999,366,434,507,805,222,426
2025/05/23/15:01:53.994009,553,1748005313,993460416,,1000,131,924,58,754,130,724,0,706,1000,146,0,137,994,999,379,439,507,805,222,426
2025/05/23/15:01:54.003800,554,1748005314,3387928,,1000,131,924,58,754,130,724,0,706,1000,146,0,137,994,999,379,439,507,805,222,426
2025/05/23/15:01:54.013857,555,1748005314,13393878,,1000,131,923,58,753,130,722,0,704,1000,150,0,141,999,999,391,452,507,805,220,428
2025/05/23/15:01:54.023747,556,1748005314,23336887,,1000,131,922,58,752,130,722,0,703,1000,152,0,143,999,999,396,460,507,804,220,429
2025/05/23/15:01:54.033899,557,1748005314,33367156,,1000,131,922,58,752,130,721,0,702,1000,154,0,144,999,999,403,469,507,804,220,429
2025/05/23/15:01:54.043691,558,1748005314,43329477,,1000,131,921,58,752,130,720,0,701,1000,156,0,146,999,999,411,479,507,804,218,430
2025/05/23/15:01:54.054070,559,1748005314,53467988,,1000,132,921,58,752,130,720,0,700,1000,159,0,148,999,999,430,496,507,804,218,430
2025/05/23/15:01:54.063756,560,1748005314,63412666,,1000,132,921,58,752,130,719,0,698,1000,161,0,149,999,999,440,512,507,805,218,430
2025/05/23/15:01:54.073711,561,1748005314,73337793,,1000,132,920,58,751,130,718,0,697,1000,164,0,150,999,999,449,531,507,804,218,431
2025/05/23/15:01:54.083629,562,1748005314,83294630,,1000,132,919,58,751,130,717,0,695,1000,171,0,154,999,999,492,572,507,805,216,432
2025/05/23/15:01:54.093690,563,1748005314,93319892,,1000,132,919,58,751,130,716,0,694,1000,173,0,156,999,999,516,583,507,805,216,432
2025/05/23/15:01:54.103878,564,1748005314,103392839,,1000,132,918,58,750,130,716,0,693,1000,174,0,160,999,999,536,592,507,804,216,433
2025/05/23/15:01:54.113737,565,1748005314,113338708,,1000,132,918,59,750,130,716,0,693,1000,176,0,163,999,999,549,603,506,804,216,433
2025/05/23/15:01:54.123678,566,1748005314,123315572,,1000,132,918,59,750,130,715,0,692,1000,178,0,164,999,999,563,620,506,804,216,434
2025/05/23/15:01:54.133920,567,1748005314,133473634,,1000,132,918,59,750,130,715,0,691,1000,181,0,167,999,999,581,632,506,804,216,434
2025/05/23/15:01:54.143815,568,1748005314,143407344,,1000,132,918,59,749,130,715,0,689,1000,184,0,171,999,999,609,641,506,804,216,434
2025/05/23/15:01:54.153733,569,1748005314,153371572,,1000,132,918,59,749,130,714,0,688,1000,188,0,179,999,999,662,651,506,803,216,434
2025/05/23/15:01:54.163941,570,1748005314,163513898,,1000,132,918,59,749,130,714,0,687,1000,192,0,186,999,999,709,672,506,803,216,434
2025/05/23/15:01:54.173797,571,1748005314,173322439,,1000,132,917,59,749,131,714,0,686,1000,198,0,193,999,999,748,701,506,803,216,435
2025/05/23/15:01:54.183716,572,1748005314,183325767,,1000,132,917,59,749,131,714,0,685,1000,204,0,203,999,999,808,738,506,803,216,436
2025/05/23/15:01:54.193849,573,1748005314,193352460,,1000,132,917,59,749,131,714,0,684,1000,211,0,218,999,999,871,781,506,803,216,436
2025/05/23/15:01:54.203656,574,1748005314,203299999,,1000,132,917,58,748,132,714,0,682,1000,217,0,235,999,999,925,830,506,804,214,436
2025/05/23/15:01:54.213686,575,1748005314,213301181,,1000,132,916,58,748,132,714,0,680,1000,224,0,254,999,999,965,886,506,804,214,437
2025/05/23/15:01:54.223788,576,1748005314,223293781,,1000,132,916,58,749,132,714,0,678,1000,231,0,276,999,999,991,949,506,804,214,437
2025/05/23/15:01:54.233736,577,1748005314,233356714,,1000,132,915,58,748,133,713,0,676,1000,237,0,303,999,999,999,988,506,804,214,437
2025/05/23/15:01:54.243911,578,1748005314,243412494,,1000,132,915,58,747,133,713,0,674,1000,244,0,330,999,999,999,999,505,805,214,436
2025/05/23/15:01:54.253869,579,1748005314,253346920,,1000,132,914,58,746,133,713,0,671,1000,251,0,352,999,999,999,999,505,804,212,437
2025/05/23/15:01:54.263727,580,1748005314,263339757,,1000,132,913,58,745,133,713,0,668,1000,259,0,374,999,999,999,999,504,804,212,436
2025/05/23/15:01:54.273896,581,1748005314,273375272,,1000,132,913,58,744,134,712,0,664,1000,270,0,403,999,999,999,999,504,804,212,436
2025/05/23/15:01:54.283879,582,1748005314,283365726,,1000,132,913,58,743,134,712,0,661,1000,278,0,431,999,999,999,999,504,805,212,436
2025/05/23/15:01:54.293798,583,1748005314,293374776,,1000,132,912,58,742,134,712,0,658,1000,284,0,464,999,999,999,999,504,806,210,437
2025/05/23/15:01:54.303789,584,1748005314,303346872,,1000,132,912,58,742,134,712,0,658,1000,284,0,464,999,999,999,999,504,806,210,437
2025/05/23/15:01:54.313730,585,1748005314,313305139,,1000,132,911,57,739,134,711,0,651,1000,282,0,548,999,999,999,999,503,806,210,437
2025/05/23/15:01:54.323996,586,1748005314,323421478,,1000,132,911,57,737,134,711,0,648,1000,277,0,587,999,999,999,999,503,805,208,437
2025/05/23/15:01:54.333864,587,1748005314,333364009,,1000,132,910,57,735,134,710,0,645,1000,270,0,613,999,999,999,999,502,805,208,438
2025/05/23/15:01:54.343674,588,1748005314,343306064,,1000,132,910,56,734,134,709,0,641,1000,263,0,637,999,999,999,999,502,806,208,438
2025/05/23/15:01:54.353836,589,1748005314,353395223,,1000,132,909,56,731,134,708,0,634,1000,248,0,657,999,999,999,999,501,806,208,438
2025/05/23/15:01:54.363743,590,1748005314,363363742,,1000,132,909,56,729,134,707,0,629,1000,241,0,658,999,999,999,999,501,806,206,439
2025/05/23/15:01:54.373882,591,1748005314,373409748,,1000,132,909,56,729,134,707,0,629,1000,241,0,658,999,999,999,999,501,806,206,439
2025/05/23/15:01:54.383844,592,1748005314,383357763,,1000,132,907,55,725,134,705,0,619,1000,228,0,669,999,999,999,999,500,804,206,441
2025/05/23/15:01:54.394022,593,1748005314,393449306,,1000,132,906,55,723,134,703,0,615,1000,224,0,676,999,999,999,999,500,803,206,442
2025/05/23/15:01:54.403949,594,1748005314,403496503,,1000,132,906,55,721,134,702,0,610,1000,220,0,684,999,999,999,999,500,801,206,442
2025/05/23/15:01:54.414366,595,1748005314,413705587,,1000,132,905,55,719,134,700,0,606,1000,216,0,694,999,999,999,999,500,801,206,443
2025/05/23/15:01:54.423858,596,1748005314,423382997,,1000,131,904,54,717,134,699,0,602,1000,212,0,708,999,999,999,999,499,801,206,444
2025/05/23/15:01:54.433805,597,1748005314,433354377,,1000,131,903,54,716,134,697,0,598,1000,208,0,728,999,999,999,999,498,801,204,445
2025/05/23/15:01:54.443870,598,1748005314,443408012,,1000,131,903,54,714,134,696,0,594,1000,204,0,743,999,999,999,999,498,800,204,446
2025/05/23/15:01:54.453788,599,1748005314,453364372,,1000,131,902,54,713,133,695,0,590,1000,200,0,754,999,999,999,999,498,798,202,447
2025/05/23/15:01:54.463855,600,1748005314,463407516,,1000,131,900,53,710,133,692,0,585,1000,196,0,769,999,999,999,999,498,797,202,447
2025/05/23/15:01:54.473995,601,1748005314,473491668,,1000,131,898,53,707,133,690,0,580,1000,192,0,791,999,999,999,999,497,798,202,449
2025/05/23/15:01:54.483829,602,1748005314,483336687,,1000,131,897,53,703,133,685,0,574,1000,188,0,804,999,999,999,999,497,797,202,450
2025/05/23/15:01:54.493919,603,1748005314,493370294,,1000,131,895,52,699,133,681,0,568,1000,184,0,812,999,999,999,999,497,797,202,451
2025/05/23/15:01:54.503983,604,1748005314,503407478,,1000,131,893,52,695,133,677,0,563,1000,181,0,830,999,999,999,999,496,797,202,450
2025/05/23/15:01:54.513875,605,1748005314,513389348,,1000,131,891,52,690,133,672,0,557,1000,178,0,847,999,999,999,999,496,796,202,450
2025/05/23/15:01:54.523959,606,1748005314,523441314,,1000,131,888,51,684,133,667,0,550,1000,175,0,848,999,999,999,999,496,796,202,449
2025/05/23/15:01:54.534100,607,1748005314,533468961,,1000,131,886,51,678,132,662,0,545,1000,172,0,849,999,999,999,999,495,795,202,449
2025/05/23/15:01:54.544008,608,1748005314,543452978,,1000,131,884,51,672,131,656,0,538,1000,170,0,853,999,999,999,999,495,795,202,447
2025/05/23/15:01:54.559276,609,1748005314,557012796,,1000,131,882,50,665,131,651,0,532,1000,168,0,862,999,999,999,999,495,794,202,447
2025/05/23/15:01:54.564507,610,1748005314,563873529,,1000,131,879,50,658,130,644,0,526,1000,165,0,877,999,999,999,999,495,793,200,446
2025/05/23/15:01:54.574093,611,1748005314,573598146,,1000,131,879,50,658,130,644,0,526,1000,165,0,877,999,999,999,999,495,793,200,446
2025/05/23/15:01:54.583899,612,1748005314,583408355,,1000,130,873,50,640,128,630,0,513,1000,161,0,880,999,999,999,999,494,792,200,444
2025/05/23/15:01:54.593654,613,1748005314,593338012,,1000,130,869,50,628,127,620,0,505,1000,160,0,873,999,999,999,999,493,790,200,444
2025/05/23/15:01:54.603715,614,1748005314,603373289,,1000,130,869,50,628,127,620,0,505,1000,160,0,873,999,999,999,999,493,790,200,444
2025/05/23/15:01:54.613852,615,1748005314,613385915,,1000,130,859,50,608,125,604,0,494,1000,157,0,888,999,999,999,999,493,788,202,442
2025/05/23/15:01:54.624067,616,1748005314,623394012,,1000,130,854,49,597,124,596,0,489,1000,155,0,890,999,999,999,999,492,786,202,441
2025/05/23/15:01:54.633763,617,1748005314,633329629,,1000,130,849,49,586,123,588,0,484,1000,154,0,886,999,999,999,999,492,785,202,440
2025/05/23/15:01:54.643877,618,1748005314,643418788,,1000,130,843,49,576,122,580,0,479,1000,153,0,883,999,999,999,999,492,783,202,439
2025/05/23/15:01:54.653684,619,1748005314,653314828,,1000,130,831,49,557,119,566,0,471,1000,151,0,897,999,999,999,999,491,782,204,437
2025/05/23/15:01:54.663705,620,1748005314,663307428,,1000,130,823,49,547,118,559,0,467,1000,150,0,908,999,999,999,999,491,780,204,436
2025/05/23/15:01:54.673814,621,1748005314,673384428,,1000,130,815,48,538,118,552,0,463,1000,149,0,917,999,999,999,999,491,779,206,435
2025/05/23/15:01:54.683719,622,1748005314,683349132,,1000,130,807,48,529,117,545,0,460,1000,148,0,923,999,999,999,999,491,778,206,434
2025/05/23/15:01:54.693712,623,1748005314,693363428,,1000,130,798,48,520,115,537,0,455,1000,148,0,928,999,999,999,999,491,777,206,433
2025/05/23/15:01:54.703773,624,1748005314,703346967,,1000,130,785,48,510,114,527,0,450,1000,146,0,931,999,999,999,999,490,775,206,430
2025/05/23/15:01:54.713784,625,1748005314,713349103,,1000,130,775,48,502,113,519,0,446,1000,146,0,934,999,999,999,999,490,774,206,429
2025/05/23/15:01:54.723961,626,1748005314,723417043,,1000,130,764,47,494,112,512,0,441,1000,145,0,939,999,999,999,999,490,773,206,428
2025/05/23/15:01:54.733680,627,1748005314,733335971,,1000,130,753,47,486,111,504,0,438,1000,144,0,936,999,999,999,999,489,773,206,427
2025/05/23/15:01:54.743687,628,1748005314,743325233,,1000,130,741,47,479,111,497,0,434,1000,143,0,934,999,999,999,999,489,772,208,427
2025/05/23/15:01:54.753881,629,1748005314,753381729,,1000,130,729,47,471,110,490,0,430,1000,143,0,943,999,999,999,999,489,770,210,427
2025/05/23/15:01:54.763694,630,1748005314,763321638,,1000,129,717,47,463,109,483,0,427,1000,142,0,956,999,999,999,999,489,768,212,426
2025/05/23/15:01:54.774002,631,1748005314,773479700,,1000,129,707,47,456,109,477,0,424,1000,142,0,957,999,999,999,999,488,768,212,426
2025/05/23/15:01:54.783644,632,1748005314,783332347,,1000,129,696,47,450,108,471,0,420,1000,141,0,953,999,999,999,999,488,767,214,425
2025/05/23/15:01:54.793804,633,1748005314,793396234,,1000,129,686,47,444,107,467,0,417,1000,141,0,943,999,999,999,999,488,765,214,425
2025/05/23/15:01:54.803755,634,1748005314,803372621,,1000,129,677,47,439,107,463,0,415,1000,141,0,939,999,999,999,999,488,763,214,425
2025/05/23/15:01:54.813660,635,1748005314,813310623,,1000,130,666,46,432,106,458,0,412,1000,141,0,942,999,999,999,999,488,761,214,424
2025/05/23/15:01:54.823740,636,1748005314,823309659,,1000,130,658,46,428,105,456,0,410,1000,140,0,945,999,999,999,999,488,760,212,423
2025/05/23/15:01:54.833692,637,1748005314,833339214,,1000,130,649,46,424,104,454,0,409,1000,140,0,948,999,999,999,999,488,758,212,422
2025/05/23/15:01:54.843733,638,1748005314,843336343,,1000,129,639,46,420,104,452,0,407,1000,139,0,949,999,999,999,999,488,756,212,421
2025/05/23/15:01:54.853840,639,1748005314,853348016,,1000,129,630,46,416,103,449,0,406,1000,139,0,948,999,999,999,999,488,754,214,421
2025/05/23/15:01:54.863760,640,1748005314,863339662,,1000,129,620,46,413,103,448,0,404,1000,138,0,950,999,999,999,999,487,751,214,421
2025/05/23/15:01:54.873999,641,1748005314,873491525,,1000,129,620,46,413,103,448,0,404,1000,138,0,950,999,999,999,999,487,751,214,421
2025/05/23/15:01:54.883738,642,1748005314,883341073,,1000,129,603,45,406,102,444,0,402,1000,138,0,954,999,999,999,999,487,748,218,419
2025/05/23/15:01:54.893935,643,1748005314,893413782,,1000,129,595,45,402,102,442,0,400,1000,137,0,955,999,999,999,999,487,746,218,418
2025/05/23/15:01:54.903837,644,1748005314,903319835,,1000,129,586,45,399,101,438,0,399,1000,137,0,957,999,999,999,999,486,745,216,417
2025/05/23/15:01:54.913659,645,1748005314,913302183,,1000,129,578,45,396,101,434,0,397,1000,137,0,960,999,999,999,999,486,743,218,418
2025/05/23/15:01:54.923646,646,1748005314,923269271,,1000,129,569,45,392,100,430,0,397,1000,137,0,962,999,999,999,999,486,742,218,418
2025/05/23/15:01:54.933825,647,1748005314,933338880,,1000,129,559,45,389,100,425,0,395,1000,138,0,965,999,999,999,999,485,740,220,418
2025/05/23/15:01:54.943668,648,1748005314,943312406,,1000,129,551,45,385,99,421,0,393,1000,138,0,960,999,999,999,999,485,737,220,418
2025/05/23/15:01:54.953667,649,1748005314,953293085,,1000,129,535,45,377,98,411,0,390,1000,138,0,952,999,999,999,999,485,734,218,418
2025/05/23/15:01:54.963648,650,1748005314,963297605,,1000,129,527,45,374,98,405,0,387,1000,139,0,952,999,999,999,999,484,733,218,418
2025/05/23/15:01:54.973864,651,1748005314,973315000,,1000,129,519,45,369,98,399,0,384,1000,139,0,954,999,999,999,999,484,730,218,418
2025/05/23/15:01:54.983723,652,1748005314,983352899,,1000,129,511,45,365,97,393,0,380,1000,140,0,957,999,999,999,999,483,728,218,417
2025/05/23/15:01:54.993861,653,1748005314,993347883,,1000,129,503,44,360,97,386,0,376,1000,140,0,959,999,999,999,999,483,726,218,416
2025/05/23/15:01:55.003870,654,1748005315,3479242,,1000,129,496,44,355,96,379,0,372,1000,140,0,962,999,999,999,999,483,725,218,415
2025/05/23/15:01:55.013779,655,1748005315,13324975,,1000,129,489,44,351,96,373,0,369,1000,141,0,966,999,999,999,999,483,724,218,415
2025/05/23/15:01:55.023745,656,1748005315,23284196,,1000,129,483,44,346,96,366,0,365,1000,141,0,969,999,999,999,999,483,721,218,414
2025/05/23/15:01:55.033802,657,1748005315,33310413,,1000,129,474,44,340,96,358,0,360,1000,142,0,970,999,999,999,999,483,719,216,413
2025/05/23/15:01:55.043766,658,1748005315,43394565,,1000,128,468,44,336,96,352,0,357,1000,142,0,970,999,999,999,999,482,718,214,412
2025/05/23/15:01:55.053784,659,1748005315,53413867,,1000,128,462,44,332,95,347,0,353,1000,142,0,969,999,999,999,999,482,716,214,411
2025/05/23/15:01:55.063982,660,1748005315,63421964,,1000,128,455,43,328,95,341,0,348,1000,142,0,969,999,999,999,999,482,714,212,412
2025/05/23/15:01:55.073830,661,1748005315,73377132,,1000,128,449,43,324,94,335,0,343,1000,142,0,971,999,999,999,999,482,711,210,412
2025/05/23/15:01:55.083851,662,1748005315,83389282,,1000,128,444,43,320,94,329,0,338,1000,143,0,972,999,999,999,999,482,709,210,413
2025/05/23/15:01:55.093935,663,1748005315,93473672,,1000,128,439,43,316,94,324,0,333,1000,145,0,971,999,999,999,999,482,708,210,414
2025/05/23/15:01:55.103941,664,1748005315,103381156,,1000,128,435,43,313,94,318,0,327,1000,148,0,972,999,999,999,999,482,705,208,416
2025/05/23/15:01:55.113721,665,1748005315,113345861,,1000,128,431,43,309,93,314,0,321,1000,151,0,973,999,999,999,999,482,703,208,419
2025/05/23/15:01:55.123986,666,1748005315,123327255,,1000,128,427,43,306,93,309,0,316,1000,155,0,970,999,999,999,999,482,701,208,422
2025/05/23/15:01:55.133804,667,1748005315,133404493,,1000,128,424,43,304,93,305,0,311,1000,159,0,968,999,999,999,999,482,700,208,424
2025/05/23/15:01:55.143710,668,1748005315,143325328,,1000,128,421,43,301,93,302,0,306,1000,162,0,968,999,999,999,999,482,698,206,427
2025/05/23/15:01:55.153975,669,1748005315,153405427,,1000,128,418,43,298,92,298,0,302,1000,167,0,968,999,999,999,999,482,696,206,431
2025/05/23/15:01:55.163728,670,1748005315,163312673,,1000,128,416,42,296,92,295,0,299,1000,172,0,965,999,999,999,999,481,694,206,435
2025/05/23/15:01:55.173802,671,1748005315,173330783,,1000,128,416,42,296,92,295,0,299,1000,172,0,965,999,999,999,999,481,694,206,435
2025/05/23/15:01:55.183732,672,1748005315,183332681,,1000,128,412,42,292,92,291,0,294,1000,183,0,954,999,999,999,999,482,690,204,439
2025/05/23/15:01:55.193910,673,1748005315,193395614,,1000,128,410,42,290,92,289,0,292,1000,188,0,949,999,999,999,999,482,689,204,443
2025/05/23/15:01:55.203797,674,1748005315,203379631,,1000,128,408,42,288,92,287,0,291,1000,193,0,946,999,999,999,999,482,688,206,446
2025/05/23/15:01:55.213984,675,1748005315,213396072,,1000,128,406,42,287,92,286,0,290,1000,197,0,945,999,999,999,999,482,686,206,449
2025/05/23/15:01:55.224026,676,1748005315,223469734,,1000,128,402,42,284,92,283,0,287,1000,205,0,943,999,999,999,999,482,684,204,452
2025/05/23/15:01:55.234047,677,1748005315,233512878,,1000,128,400,42,283,92,281,0,286,1000,210,0,941,999,999,999,999,483,683,204,453
2025/05/23/15:01:55.243744,678,1748005315,243406772,,1000,128,399,42,282,92,280,0,285,1000,215,0,942,999,999,999,999,483,681,206,455
2025/05/23/15:01:55.253821,679,1748005315,253329515,,1000,128,398,42,280,92,279,0,284,1000,221,0,941,999,999,999,999,482,680,206,462
2025/05/23/15:01:55.263641,680,1748005315,263319015,,1000,128,397,42,279,92,277,0,284,1000,226,0,939,999,999,999,999,482,679,206,469
2025/05/23/15:01:55.273795,681,1748005315,273366451,,1000,128,397,42,278,92,276,0,284,1000,230,0,937,999,999,999,999,482,678,204,473
2025/05/23/15:01:55.283693,682,1748005315,283335447,,1000,128,396,42,277,92,275,0,284,1000,234,0,935,999,999,999,999,482,677,204,475
2025/05/23/15:01:55.293696,683,1748005315,293334245,,1000,128,395,42,276,93,275,0,284,1000,238,0,929,999,999,999,999,482,675,204,476
2025/05/23/15:01:55.303768,684,1748005315,303356885,,1000,128,394,41,275,93,274,0,283,1000,243,0,931,999,999,999,999,481,674,202,477
2025/05/23/15:01:55.313780,685,1748005315,313393831,,1000,128,394,41,274,93,273,0,282,1000,247,0,940,999,999,999,999,481,672,202,480
2025/05/23/15:01:55.323637,686,1748005315,323327302,,1000,128,395,41,273,93,272,0,281,1000,253,0,947,999,999,999,999,481,671,202,484
2025/05/23/15:01:55.333700,687,1748005315,333325862,,1000,128,396,41,272,94,272,0,279,1000,260,0,940,999,999,999,999,481,670,202,489
2025/05/23/15:01:55.343725,688,1748005315,343347311,,1000,128,398,41,271,94,271,0,277,1000,267,0,933,999,999,999,999,480,669,202,492
2025/05/23/15:01:55.353653,689,1748005315,353301048,,1000,128,400,41,270,95,271,0,275,1000,272,0,929,999,999,999,999,480,668,204,494
2025/05/23/15:01:55.363665,690,1748005315,363309621,,1000,128,404,41,270,95,270,0,274,1000,276,0,928,999,999,999,999,479,667,204,495
2025/05/23/15:01:55.373723,691,1748005315,373391151,,1000,128,409,41,268,96,270,0,272,1000,280,0,927,999,999,999,999,479,664,204,494
2025/05/23/15:01:55.383694,692,1748005315,383332252,,1000,128,413,41,267,96,269,0,271,1000,280,0,928,999,999,999,999,478,663,204,493
2025/05/23/15:01:55.393697,693,1748005315,393341779,,1000,127,417,41,267,96,269,0,271,1000,282,0,931,999,999,999,999,477,660,202,491
2025/05/23/15:01:55.403633,694,1748005315,403319358,,1000,127,421,41,266,96,268,0,270,1000,283,0,937,999,999,999,999,477,658,202,487
2025/05/23/15:01:55.413793,695,1748005315,413368940,,1000,127,424,41,265,96,268,0,269,1000,284,0,945,999,999,999,999,476,657,202,483
2025/05/23/15:01:55.423811,696,1748005315,423313617,,1000,127,429,41,264,96,268,0,269,1000,285,0,953,999,999,999,999,476,655,200,477
2025/05/23/15:01:55.433837,697,1748005315,433360815,,1000,127,434,41,264,96,267,0,268,1000,286,0,958,999,999,999,999,476,654,200,473
2025/05/23/15:01:55.443921,698,1748005315,443454742,,1000,127,434,41,264,96,267,0,268,1000,286,0,958,999,999,999,999,476,654,200,473
2025/05/23/15:01:55.453833,699,1748005315,453305244,,1000,127,448,41,262,97,266,0,268,1000,288,0,959,999,999,999,999,476,652,198,467
2025/05/23/15:01:55.463885,700,1748005315,463427066,,1000,127,456,41,262,97,266,0,268,1000,291,0,957,999,999,999,999,475,652,200,466
2025/05/23/15:01:55.473737,701,1748005315,473369836,,1000,127,464,41,261,97,265,0,268,1000,294,0,956,999,999,999,999,475,651,200,465
2025/05/23/15:01:55.483637,702,1748005315,483299255,,1000,127,473,41,260,97,265,0,267,1000,299,0,954,999,999,999,999,475,651,198,463
2025/05/23/15:01:55.493672,703,1748005315,493310451,,1000,127,480,41,259,97,265,0,267,1000,302,0,955,999,999,999,999,475,650,200,462
2025/05/23/15:01:55.503776,704,1748005315,503338575,,1000,127,485,41,259,97,264,0,267,1000,306,0,954,999,999,999,999,474,651,200,460
2025/05/23/15:01:55.513798,705,1748005315,513331413,,1000,127,491,41,258,97,264,0,266,1000,308,0,953,999,999,999,999,474,652,200,459
2025/05/23/15:01:55.523906,706,1748005315,523278236,,1000,127,496,41,256,97,263,0,266,1000,313,0,955,999,999,999,999,473,654,200,455
2025/05/23/15:01:55.533756,707,1748005315,533325195,,1000,127,496,41,255,97,262,0,266,1000,314,0,957,999,999,999,999,473,656,200,454
2025/05/23/15:01:55.543875,708,1748005315,543348789,,1000,127,496,40,255,97,262,0,265,1000,315,0,961,999,999,999,999,472,658,202,452
2025/05/23/15:01:55.553921,709,1748005315,553330421,,1000,127,493,40,254,97,261,0,265,1000,316,0,967,999,999,999,999,472,660,204,451
2025/05/23/15:01:55.563962,710,1748005315,563397407,,1000,127,490,40,253,97,260,0,265,1000,316,0,971,999,999,999,999,472,663,204,450
2025/05/23/15:01:55.573894,711,1748005315,573409318,,1000,127,487,40,252,97,260,0,265,1000,315,0,971,999,999,999,999,471,665,204,448
2025/05/23/15:01:55.583754,712,1748005315,583403825,,1000,127,484,40,252,97,260,0,266,1000,313,0,970,999,999,999,999,471,667,202,446
2025/05/23/15:01:55.593865,713,1748005315,593432426,,1000,127,481,40,251,97,259,0,267,1000,311,0,969,999,999,999,999,470,668,202,445
2025/05/23/15:01:55.603805,714,1748005315,603378772,,1000,127,478,40,251,97,259,0,268,1000,308,0,965,999,999,999,999,470,669,202,445
2025/05/23/15:01:55.613857,715,1748005315,613427877,,1000,127,476,40,251,97,259,0,268,1000,304,0,960,999,999,999,999,470,668,200,444
2025/05/23/15:01:55.623685,716,1748005315,623294115,,1000,127,474,40,251,97,259,0,270,1000,301,0,957,999,999,999,999,470,668,198,444
2025/05/23/15:01:55.633757,717,1748005315,633382797,,1000,127,471,40,250,96,258,0,271,1000,297,0,955,999,999,999,999,469,668,196,443
2025/05/23/15:01:55.644006,718,1748005315,643397569,,1000,127,470,40,250,96,258,0,273,1000,294,0,956,999,999,999,999,469,667,196,442
2025/05/23/15:01:55.653982,719,1748005315,653527259,,1000,127,468,40,250,96,258,0,275,1000,291,0,958,999,999,999,999,469,667,196,442
2025/05/23/15:01:55.663899,720,1748005315,663447618,,1000,127,466,40,250,96,258,0,277,1000,288,0,959,999,999,999,999,468,666,194,442
2025/05/23/15:01:55.674124,721,1748005315,673490285,,1000,127,465,40,249,96,258,0,279,1000,285,0,958,999,999,999,999,468,665,192,441
2025/05/23/15:01:55.683832,722,1748005315,683367013,,1000,127,463,40,249,96,258,0,280,1000,283,0,957,999,999,999,999,467,664,192,441
2025/05/23/15:01:55.694080,723,1748005315,693462133,,1000,127,462,40,248,96,258,0,281,1000,280,0,959,999,999,999,999,467,663,191,440
2025/05/23/15:01:55.703794,724,1748005315,703383207,,1000,127,459,40,248,95,258,0,282,1000,277,0,959,999,999,999,999,467,662,191,438
2025/05/23/15:01:55.713779,725,1748005315,713346481,,1000,127,457,40,248,95,257,0,282,1000,275,0,959,999,999,999,999,467,662,191,437
2025/05/23/15:01:55.723727,726,1748005315,723376750,,1000,127,454,40,248,95,257,0,282,1000,273,0,959,999,999,999,999,467,660,191,437
2025/05/23/15:01:55.733977,727,1748005315,733321666,,1000,127,454,40,248,95,257,0,282,1000,273,0,959,999,999,999,999,467,660,191,437
2025/05/23/15:01:55.743885,728,1748005315,743429183,,1000,127,448,40,247,94,256,0,281,1000,267,0,954,999,999,999,999,466,662,189,435
2025/05/23/15:01:55.753843,729,1748005315,753465414,,1000,126,444,39,247,94,256,0,281,1000,265,0,951,999,999,999,999,466,660,187,434
2025/05/23/15:01:55.763942,730,1748005315,763431310,,1000,126,441,39,246,93,256,0,281,1000,263,0,951,999,999,999,999,466,660,187,433
2025/05/23/15:01:55.773969,731,1748005315,773319721,,1000,127,438,39,246,93,255,0,281,1000,261,0,952,999,999,999,999,465,659,187,433
2025/05/23/15:01:55.783713,732,1748005315,783355474,,1000,127,434,39,245,92,255,0,281,1000,259,0,954,999,999,999,999,465,659,185,432
2025/05/23/15:01:55.793794,733,1748005315,793337106,,1000,126,427,39,245,91,254,0,280,1000,255,0,951,999,999,999,999,465,660,185,431
2025/05/23/15:01:55.803856,734,1748005315,803346872,,1000,126,427,39,245,91,254,0,280,1000,255,0,951,999,999,999,999,465,660,185,431
2025/05/23/15:01:55.813931,735,1748005315,813382387,,1000,126,422,39,244,91,254,0,279,1000,252,0,943,999,999,999,999,465,660,183,430
2025/05/23/15:01:55.823699,736,1748005315,823340654,,1000,127,415,39,244,91,253,0,279,1000,248,0,937,999,999,999,999,464,660,183,430
2025/05/23/15:01:55.833845,737,1748005315,833363771,,1000,127,411,39,243,90,253,0,278,1000,246,0,938,999,999,999,999,464,662,181,429
2025/05/23/15:01:55.843702,738,1748005315,843369007,,1000,127,408,39,243,90,253,0,278,1000,245,0,938,999,999,999,999,464,662,181,428
2025/05/23/15:01:55.853853,739,1748005315,853401422,,1000,127,404,39,243,90,252,0,278,1000,242,0,938,999,999,999,999,464,662,181,428
2025/05/23/15:01:55.863978,740,1748005315,863348960,,1000,127,401,39,242,89,252,0,277,1000,240,0,937,999,999,999,999,464,663,181,427
2025/05/23/15:01:55.873853,741,1748005315,873425722,,1000,127,398,39,242,89,251,0,277,1000,238,0,937,999,999,999,999,464,664,181,427
2025/05/23/15:01:55.883828,742,1748005315,883372306,,1000,127,395,39,242,88,251,0,276,1000,236,0,936,999,999,999,999,464,664,181,427
2025/05/23/15:01:55.893673,743,1748005315,893306732,,1000,127,392,39,242,88,251,0,276,1000,234,0,939,999,999,999,999,464,664,181,426
2025/05/23/15:01:55.903672,744,1748005315,903264760,,1000,127,390,39,241,88,251,0,275,1000,232,0,943,999,999,999,999,464,664,179,425
2025/05/23/15:01:55.913679,745,1748005315,913325786,,1000,127,387,39,241,88,250,0,275,1000,230,0,939,999,999,999,999,465,664,179,424
2025/05/23/15:01:55.923629,746,1748005315,923303127,,1000,126,385,39,241,87,249,0,274,1000,228,0,927,999,999,999,999,465,664,179,423
2025/05/23/15:01:55.933676,747,1748005315,933336734,,1000,126,382,39,240,87,249,0,274,1000,226,0,918,999,999,999,999,466,664,179,422
2025/05/23/15:01:55.943694,748,1748005315,943365097,,1000,126,381,39,240,87,249,0,274,1000,224,0,913,999,999,999,999,466,664,181,422
2025/05/23/15:01:55.953874,749,1748005315,953392267,,1000,126,379,39,240,86,249,0,273,1000,222,0,909,999,999,999,999,466,663,179,421
2025/05/23/15:01:55.963797,750,1748005315,963376283,,1000,126,377,39,240,86,249,0,273,1000,220,0,907,999,999,999,999,466,663,179,420
