time,.header.seq,.header.stamp.secs,.header.stamp.nsecs,.header.frame_id,.thumb_2,.thumb_1,.index_2,.index_1,.middle_2,.middle_1,.ring_2,.ring_1,.little_2,.little_1,.palm_arch,.thumb_crossover,.press_thumb,.press_index,.press_middle,.press_ring,.press_little,.abd_thumb,.abd_index,.abd_ring,.abd_little,rigidity,object,stiffness
2025/05/23/15:25:23.878437,1,1748006723,877835750,,1000,123,306,45,175,64,122,22,115,1000,115,0,999,999,999,999,999,659,711,267,48,1,0,1
2025/05/23/15:25:23.888091,2,1748006723,887651920,,1000,122,275,46,168,61,116,20,108,1000,99,0,999,999,999,999,999,646,710,257,18,1,0,1
2025/05/23/15:25:23.898182,3,1748006723,897784948,,1000,122,275,46,168,61,116,20,108,1000,99,0,999,999,999,999,999,646,710,257,19,1,0,1
2025/05/23/15:25:23.908045,4,1748006723,907695770,,1000,122,274,46,168,61,115,20,108,1000,98,0,999,999,999,999,999,646,711,257,20,1,0,1
2025/05/23/15:25:23.918374,5,1748006723,917822122,,1000,122,274,46,168,61,115,20,108,1000,98,0,999,999,999,999,999,646,712,259,20,1,0,1
2025/05/23/15:25:23.928110,6,1748006723,927672624,,1000,122,274,46,168,62,115,20,108,1000,98,0,999,999,999,999,999,646,712,257,20,1,0,1
2025/05/23/15:25:23.937994,7,1748006723,937671184,,1000,122,274,46,168,62,115,20,108,1000,98,0,999,999,999,999,999,646,712,259,20,1,0,1
2025/05/23/15:25:23.948034,8,1748006723,947616100,,1000,122,274,46,168,62,115,20,108,1000,98,0,999,999,999,999,999,645,712,259,20,1,0,1
2025/05/23/15:25:23.958037,9,1748006723,957608461,,1000,122,274,46,168,62,115,20,108,1000,98,0,999,999,999,999,999,645,712,259,20,1,0,1
2025/05/23/15:25:23.968339,10,1748006723,967761754,,1000,122,273,46,168,62,115,20,108,1000,98,0,999,999,999,999,999,645,713,259,20,1,0,1
2025/05/23/15:25:23.978096,11,1748006723,977706909,,1000,122,273,46,168,62,115,20,108,1000,98,0,999,999,999,999,999,645,713,259,20,1,0,1
2025/05/23/15:25:23.988019,12,1748006723,987684249,,1000,122,273,46,167,62,115,20,108,1000,98,0,999,999,999,999,999,645,712,261,20,1,0,1
2025/05/23/15:25:23.998044,13,1748006723,997638225,,1000,122,273,46,167,62,115,20,108,1000,97,0,999,999,999,999,999,645,712,259,20,1,0,1
2025/05/23/15:25:24.008409,14,1748006724,7772207,,1000,122,272,46,167,62,115,20,108,1000,97,0,999,999,999,999,999,645,713,257,19,1,0,1
2025/05/23/15:25:24.018163,15,1748006724,17693281,,1000,122,272,46,167,62,115,20,108,1000,97,0,999,999,999,999,999,645,714,259,19,1,0,1
2025/05/23/15:25:24.028078,16,1748006724,27684450,,1000,122,272,46,167,62,114,20,108,1000,97,0,999,999,999,999,999,645,714,259,19,1,0,1
2025/05/23/15:25:24.038404,17,1748006724,37667274,,1000,122,272,46,167,62,114,20,108,1000,97,0,999,999,999,999,999,645,713,259,20,1,0,1
2025/05/23/15:25:24.048025,18,1748006724,47607183,,1000,122,271,46,167,62,115,20,108,1000,97,0,999,999,999,999,999,645,713,259,20,1,0,1
2025/05/23/15:25:24.058197,19,1748006724,57665586,,1000,122,271,46,167,62,115,20,108,1000,97,0,999,999,999,999,999,645,713,259,20,1,0,1
2025/05/23/15:25:24.068176,20,1748006724,67727327,,1000,122,271,46,167,62,114,20,108,1000,97,0,999,999,999,999,999,644,713,257,19,1,0,1
2025/05/23/15:25:24.078071,21,1748006724,77641487,,1000,122,270,46,167,62,114,20,108,1000,97,0,999,999,999,999,999,644,713,257,19,1,0,1
2025/05/23/15:25:24.088153,22,1748006724,87638854,,1000,122,270,46,166,62,114,20,108,1000,97,0,999,999,999,999,999,644,713,257,19,1,0,1
2025/05/23/15:25:24.098038,23,1748006724,97678184,,1000,122,270,46,166,62,114,20,108,1000,97,0,999,999,999,999,999,644,713,257,19,1,0,1
2025/05/23/15:25:24.108121,24,1748006724,107634782,,1000,122,269,46,166,62,114,20,108,1000,97,0,999,999,999,999,999,644,711,257,19,1,0,1
2025/05/23/15:25:24.118069,25,1748006724,117668628,,1000,122,269,46,166,61,114,20,108,1000,97,0,999,999,999,999,999,644,712,257,19,1,0,1
2025/05/23/15:25:24.127872,26,1748006724,127588510,,1000,122,269,46,166,61,114,20,107,1000,97,0,999,999,999,999,999,644,712,257,19,1,0,1
2025/05/23/15:25:24.138039,27,1748006724,137593507,,1000,122,268,46,166,61,114,20,107,1000,97,0,999,999,999,999,999,644,711,259,19,1,0,1
2025/05/23/15:25:24.147959,28,1748006724,147603988,,1000,122,268,46,166,61,114,20,107,1000,97,0,999,999,999,999,999,644,711,257,19,1,0,1
2025/05/23/15:25:24.157962,29,1748006724,157592296,,1000,122,268,46,166,61,114,20,107,1000,97,0,999,999,999,999,999,644,710,257,20,1,0,1
2025/05/23/15:25:24.168181,30,1748006724,167639970,,1000,122,268,46,166,61,114,20,107,1000,97,0,999,999,999,999,999,644,710,255,20,1,0,1
2025/05/23/15:25:24.178056,31,1748006724,177605152,,1000,122,268,46,166,60,114,20,107,1000,97,0,999,999,999,999,999,644,709,255,19,1,0,1
2025/05/23/15:25:24.187932,32,1748006724,187586307,,1000,122,268,46,166,60,114,20,107,1000,97,0,999,999,999,999,999,644,708,253,19,1,0,1
2025/05/23/15:25:24.198101,33,1748006724,197654724,,1000,122,268,46,166,60,114,20,107,1000,97,0,999,999,999,999,999,644,708,253,19,1,0,1
2025/05/23/15:25:24.208003,34,1748006724,207638025,,1000,122,268,46,166,60,114,20,107,1000,97,0,999,999,999,999,999,644,708,253,18,1,0,1
2025/05/23/15:25:24.218016,35,1748006724,217581987,,1000,122,268,46,166,60,114,20,107,1000,97,0,999,999,999,999,999,644,706,253,18,1,0,1
2025/05/23/15:25:24.227914,36,1748006724,227617502,,1000,122,267,46,166,60,114,20,107,1000,96,0,999,999,999,999,999,644,706,253,18,1,0,1
2025/05/23/15:25:24.237908,37,1748006724,237583398,,1000,122,267,46,166,59,114,20,107,1000,96,0,999,999,999,999,999,644,706,253,17,1,0,1
2025/05/23/15:25:24.247906,38,1748006724,247577428,,1000,122,267,46,166,59,114,20,107,1000,96,0,999,999,999,999,999,644,706,251,17,1,0,1
2025/05/23/15:25:24.257928,39,1748006724,257570505,,1000,122,267,46,166,59,114,20,107,1000,96,0,999,999,999,999,999,644,706,251,17,1,0,1
2025/05/23/15:25:24.268091,40,1748006724,267617464,,1000,122,268,46,166,59,114,20,107,1000,96,0,999,999,999,999,999,643,705,249,17,1,0,1
2025/05/23/15:25:24.277954,41,1748006724,277573347,,1000,122,268,46,166,59,114,20,107,1000,96,0,999,999,999,999,999,643,705,249,17,1,0,1
2025/05/23/15:25:24.288046,42,1748006724,287597417,,1000,122,268,46,166,59,114,20,107,1000,96,0,999,999,999,999,999,643,705,249,17,1,0,1
2025/05/23/15:25:24.298008,43,1748006724,297589063,,1000,122,268,46,166,59,114,20,107,1000,96,0,999,999,999,999,999,643,704,247,16,1,0,1
2025/05/23/15:25:24.308132,44,1748006724,307669162,,1000,122,268,46,166,59,114,20,107,1000,96,0,999,999,999,999,999,643,704,247,16,1,0,1
2025/05/23/15:25:24.318185,45,1748006724,317748546,,1000,122,268,46,166,59,114,20,107,1000,96,0,999,999,999,999,999,643,703,247,16,1,0,1
2025/05/23/15:25:24.328130,46,1748006724,327688932,,1000,122,268,45,166,59,113,20,107,1000,96,0,999,999,999,999,999,643,704,247,16,1,0,1
2025/05/23/15:25:24.337960,47,1748006724,337571382,,1000,122,268,45,166,59,113,20,107,1000,96,0,999,999,999,999,999,643,703,247,16,1,0,1
2025/05/23/15:25:24.347898,48,1748006724,347538709,,1000,122,268,45,166,59,113,20,107,1000,96,0,999,999,999,999,999,643,703,247,16,1,0,1
2025/05/23/15:25:24.358797,49,1748006724,358055830,,1000,122,268,45,166,58,113,20,107,1000,96,0,999,999,999,999,999,643,703,247,15,1,0,1
2025/05/23/15:25:24.368089,50,1748006724,367664813,,1000,122,269,45,166,58,113,20,107,1000,96,0,999,999,999,999,999,643,702,247,16,1,0,1
2025/05/23/15:25:24.378106,51,1748006724,377646923,,1000,122,269,45,166,58,113,20,107,1000,96,0,999,999,999,999,999,643,702,247,16,1,0,1
2025/05/23/15:25:24.388016,52,1748006724,387662172,,1000,122,269,45,166,58,113,20,107,1000,96,0,999,999,999,999,999,642,702,245,16,1,0,1
2025/05/23/15:25:24.397962,53,1748006724,397619009,,1000,122,269,45,166,58,113,20,107,1000,96,0,999,999,999,999,999,642,702,245,16,1,0,1
2025/05/23/15:25:24.407900,54,1748006724,407598733,,1000,122,269,45,166,58,113,20,107,1000,96,0,999,999,999,999,999,642,702,245,16,1,0,1
2025/05/23/15:25:24.437883,55,1748006724,437541007,,1000,122,269,45,166,58,113,20,107,1000,96,0,999,999,999,999,999,643,702,245,16,1,0,1
2025/05/23/15:25:24.447907,56,1748006724,447540998,,1000,122,269,45,166,58,113,20,106,1000,96,0,999,999,999,999,999,642,702,245,16,1,0,1
2025/05/23/15:25:24.457840,57,1748006724,457549571,,1000,122,269,45,165,58,113,19,106,1000,95,0,999,999,999,999,999,642,701,243,15,1,0,1
2025/05/23/15:25:24.468018,58,1748006724,467609643,,1000,122,269,45,165,58,113,19,106,1000,95,0,999,999,999,999,999,642,701,245,15,1,0,1
2025/05/23/15:25:24.478012,59,1748006724,477612495,,1000,121,269,45,165,57,112,19,106,1000,95,0,999,999,999,999,999,642,702,245,15,1,0,1
2025/05/23/15:25:25.107939,60,1748006725,107628345,,1000,121,273,43,160,53,110,17,102,1000,79,0,999,999,999,999,999,641,698,249,16,1,0,1
2025/05/23/15:25:25.117977,61,1748006725,117691993,,1000,121,272,43,161,53,110,18,102,1000,78,0,999,999,999,999,999,641,697,251,15,1,0,1
2025/05/23/15:25:25.127894,62,1748006725,127589702,,1000,121,272,43,160,53,110,18,102,1000,76,0,999,999,999,999,999,641,697,251,14,1,0,1
2025/05/23/15:25:25.137950,63,1748006725,137595176,,1000,121,271,43,160,53,110,17,101,1000,74,0,999,999,999,999,999,640,696,251,14,1,0,1
2025/05/23/15:25:25.147872,64,1748006725,147577524,,1000,121,271,43,160,53,110,17,101,1000,72,0,999,999,999,999,999,640,694,251,15,1,0,1
2025/05/23/15:25:25.157941,65,1748006725,157588005,,1000,121,271,43,161,53,110,17,101,1000,71,0,999,999,999,999,999,641,693,251,14,1,0,1
2025/05/23/15:25:25.167875,66,1748006725,167597293,,1000,121,271,43,161,53,110,17,100,1000,69,0,999,999,999,999,999,640,693,255,13,1,0,1
2025/05/23/15:25:25.178069,67,1748006725,177642345,,1000,121,270,43,161,53,110,17,99,1000,68,0,999,999,999,999,999,640,691,259,13,1,0,1
2025/05/23/15:25:25.188152,68,1748006725,187711954,,1000,121,270,43,161,53,110,17,99,1000,67,0,999,999,999,999,999,639,691,265,13,1,0,1
2025/05/23/15:25:25.197999,69,1748006725,197649955,,1000,121,270,43,161,53,110,17,99,1000,67,0,999,999,999,999,999,639,691,265,13,1,0,1
2025/05/23/15:25:25.208075,70,1748006725,207710027,,1000,121,270,43,161,53,110,17,97,1000,63,0,999,999,999,999,999,639,690,270,10,1,0,1
2025/05/23/15:25:25.217988,71,1748006725,217624425,,1000,122,269,43,161,54,110,17,97,1000,62,0,999,999,999,999,999,638,689,272,8,1,0,1
2025/05/23/15:25:25.228033,72,1748006725,227691411,,1000,122,269,43,161,54,110,17,96,1000,62,0,999,999,999,999,999,638,689,274,8,1,0,1
2025/05/23/15:25:25.238045,73,1748006725,237664699,,1000,122,270,43,162,54,110,17,96,1000,61,0,999,999,999,999,999,637,688,278,6,1,0,1
2025/05/23/15:25:25.248158,74,1748006725,247639894,,1000,122,270,43,162,55,110,17,95,1000,61,0,999,999,999,999,999,637,688,278,3,1,0,1
2025/05/23/15:25:25.257960,75,1748006725,257657527,,1000,122,270,43,161,55,110,17,95,1000,60,0,999,999,999,999,999,637,687,280,0,1,0,1
2025/05/23/15:25:25.267827,76,1748006725,267528772,,1000,122,270,43,162,55,110,17,95,1000,60,0,999,999,999,999,999,636,687,278,0,1,0,1
2025/05/23/15:25:25.277859,77,1748006725,277537107,,1000,122,270,43,162,55,110,17,94,1000,59,0,999,999,999,999,999,636,687,278,0,1,0,1
2025/05/23/15:25:25.287904,78,1748006725,287549495,,1000,122,270,42,162,55,111,17,94,1000,58,0,999,999,999,999,999,636,687,276,0,1,0,1
2025/05/23/15:25:25.297809,79,1748006725,297534465,,1000,122,270,42,162,55,111,17,94,1000,58,0,999,999,999,999,999,636,686,274,0,1,0,1
2025/05/23/15:25:25.307898,80,1748006725,307549715,,1000,122,270,42,162,55,111,17,93,1000,58,0,999,999,999,999,999,636,686,274,0,1,0,1
2025/05/23/15:25:25.317862,81,1748006725,317591190,,1000,122,270,42,162,55,111,17,93,1000,57,0,999,999,999,999,999,635,685,274,0,1,0,1
2025/05/23/15:25:25.327871,82,1748006725,327536344,,1000,122,271,42,162,55,112,16,93,1000,57,0,999,999,999,999,999,635,684,272,0,1,0,1
2025/05/23/15:25:25.338005,83,1748006725,337587356,,1000,122,271,42,162,55,112,16,93,1000,57,0,999,999,999,999,999,635,683,270,0,1,0,1
2025/05/23/15:25:25.347947,84,1748006725,347614288,,1000,122,271,42,162,55,112,16,93,1000,57,0,999,999,999,999,999,635,682,269,0,1,0,1
2025/05/23/15:25:25.357890,85,1748006725,357599258,,1000,122,271,42,162,55,112,16,94,1000,57,0,999,999,999,999,999,635,682,269,0,1,0,1
2025/05/23/15:25:25.367939,86,1748006725,367570400,,1000,122,271,42,162,55,112,16,94,1000,57,0,999,999,999,999,999,635,681,269,0,1,0,1
2025/05/23/15:25:25.377961,87,1748006725,377586841,,1000,122,271,42,162,55,112,16,94,1000,57,0,999,999,999,999,999,635,680,269,0,1,0,1
2025/05/23/15:25:25.387964,88,1748006725,387613534,,1000,122,271,42,162,55,113,16,95,1000,57,0,999,999,999,999,999,635,680,267,0,1,0,1
2025/05/23/15:25:25.397866,89,1748006725,397539615,,1000,122,271,42,162,55,113,16,95,1000,57,0,999,999,999,999,999,635,680,267,0,1,0,1
2025/05/23/15:25:25.407939,90,1748006725,407670021,,1000,122,271,42,163,55,113,16,95,1000,57,0,999,999,999,999,999,634,680,265,0,1,0,1
2025/05/23/15:25:25.417864,91,1748006725,417514801,,1000,122,271,42,162,55,114,16,96,1000,57,0,999,999,999,999,999,634,679,261,0,1,0,1
2025/05/23/15:25:25.427988,92,1748006725,427545070,,1000,122,271,42,162,55,114,16,96,1000,57,0,999,999,999,999,999,633,678,261,0,1,0,1
2025/05/23/15:25:25.438132,93,1748006725,437838554,,1000,122,271,42,162,55,114,16,96,1000,57,0,999,999,999,999,999,633,677,259,0,1,0,1
2025/05/23/15:25:25.448196,94,1748006725,447721481,,1000,122,271,42,162,55,114,16,96,1000,57,0,999,999,999,999,999,631,675,259,0,1,0,1
2025/05/23/15:25:25.458102,95,1748006725,457639217,,1000,122,271,42,162,55,114,16,96,1000,57,0,999,999,999,999,999,630,674,257,0,1,0,1
2025/05/23/15:25:25.468223,96,1748006725,467637062,,1000,122,271,42,162,55,114,16,97,1000,57,0,999,999,999,999,999,630,674,255,0,1,0,1
2025/05/23/15:25:25.479044,97,1748006725,478219509,,1000,123,272,42,162,55,114,15,97,1000,58,0,999,999,999,999,999,629,674,255,0,1,0,1
2025/05/23/15:25:25.487961,98,1748006725,487640380,,1000,123,271,42,162,55,115,15,97,1000,58,0,999,999,999,999,999,628,673,253,0,1,0,1
2025/05/23/15:25:25.497880,99,1748006725,497541189,,1000,123,271,42,162,55,115,15,97,1000,58,0,999,999,999,999,999,628,673,253,0,1,0,1
2025/05/23/15:25:25.508191,100,1748006725,507691621,,1000,123,271,42,162,55,115,15,97,1000,59,0,999,999,999,999,999,626,672,255,0,1,0,1
2025/05/23/15:25:25.517968,101,1748006725,517691612,,1000,123,271,42,162,55,116,15,97,1000,59,0,999,999,999,999,999,625,671,253,0,1,0,1
2025/05/23/15:25:25.528072,102,1748006725,527570962,,1000,123,271,42,162,55,116,15,97,1000,60,0,999,999,999,999,999,624,670,251,0,1,0,1
2025/05/23/15:25:25.538110,103,1748006725,537642478,,1000,123,271,42,162,55,116,15,98,1000,60,0,999,999,999,999,999,624,670,251,0,1,0,1
2025/05/23/15:25:25.547879,104,1748006725,547588825,,1000,123,271,41,162,55,116,15,98,1000,61,0,999,999,999,999,999,622,669,247,0,1,0,1
2025/05/23/15:25:25.557924,105,1748006725,557589292,,1000,123,271,41,162,55,117,15,98,1000,61,0,999,999,999,999,999,621,668,247,0,1,0,1
2025/05/23/15:25:25.568032,106,1748006725,567616462,,1000,123,272,41,162,55,117,15,98,1000,62,0,999,999,999,999,999,620,667,247,0,1,0,1
2025/05/23/15:25:25.577967,107,1748006725,577568531,,1000,124,272,41,163,55,118,15,98,1000,62,0,999,999,999,999,999,619,667,247,0,1,0,1
2025/05/23/15:25:25.587985,108,1748006725,587597370,,1000,124,272,41,163,55,118,15,98,1000,63,0,999,999,999,999,999,618,666,247,0,1,0,1
2025/05/23/15:25:25.597911,109,1748006725,597607612,,1000,124,272,41,163,55,118,15,98,1000,64,0,999,999,999,999,999,615,664,247,0,1,0,1
2025/05/23/15:25:25.607871,110,1748006725,607537746,,1000,124,272,41,163,54,118,15,98,1000,65,0,999,999,999,999,999,614,664,245,0,1,0,1
2025/05/23/15:25:25.617869,111,1748006725,617530584,,1000,124,272,41,163,54,118,15,98,1000,66,0,998,999,999,999,999,612,663,247,0,1,0,1
2025/05/23/15:25:25.627896,112,1748006725,627539873,,1000,124,272,41,163,54,118,15,98,1000,66,0,999,999,999,999,999,610,663,245,0,1,0,1
2025/05/23/15:25:25.637922,113,1748006725,637595891,,1000,124,272,41,163,54,119,15,99,1000,67,0,998,999,999,999,999,608,662,245,0,1,0,1
2025/05/23/15:25:25.647990,114,1748006725,647603750,,1000,124,272,41,163,54,119,15,99,1000,67,0,998,999,999,999,999,606,660,245,0,1,0,1
2025/05/23/15:25:25.657934,115,1748006725,657592296,,1000,124,272,41,163,54,119,15,99,1000,68,0,997,999,999,999,999,604,660,245,0,1,0,1
2025/05/23/15:25:25.668039,116,1748006725,667567253,,1000,124,272,41,163,54,119,15,99,1000,69,0,997,999,999,999,999,602,659,243,0,1,0,1
2025/05/23/15:25:25.698052,117,1748006725,697623014,,1000,124,272,41,163,54,120,15,100,1000,72,0,996,999,999,999,999,597,659,243,0,1,0,1
2025/05/23/15:25:25.708043,118,1748006725,707728624,,1000,124,272,41,163,54,120,15,100,1000,74,0,994,999,999,999,999,594,659,245,0,1,0,1
2025/05/23/15:25:25.718267,119,1748006725,717797279,,1000,124,272,41,163,54,121,15,101,1000,76,0,994,999,999,999,999,591,658,247,1,1,0,1
2025/05/23/15:25:25.727993,120,1748006725,727621555,,1000,124,272,40,163,54,121,15,101,1000,77,0,993,999,999,999,999,588,657,245,2,1,0,1
2025/05/23/15:25:25.738275,121,1748006725,737684249,,1000,124,272,40,163,53,121,15,101,1000,78,0,993,999,999,999,999,586,656,245,3,1,0,1
2025/05/23/15:25:26.398192,122,1748006726,397628784,,1000,123,771,34,698,72,296,10,102,1000,269,0,988,999,999,999,999,467,629,298,404,1,0,1
2025/05/23/15:25:26.407934,123,1748006726,407656192,,1000,123,789,34,729,73,310,10,102,1000,268,0,989,999,999,999,999,466,629,296,404,1,0,1
2025/05/23/15:25:26.417920,124,1748006726,417601823,,1000,123,801,34,748,74,321,10,102,1000,268,0,968,999,999,999,999,466,629,296,405,1,0,1
2025/05/23/15:25:26.428066,125,1748006726,427719831,,1000,123,811,34,765,74,333,10,102,1000,267,0,940,999,999,999,999,465,631,294,404,1,0,1
2025/05/23/15:25:26.438313,126,1748006726,437752008,,1000,123,821,34,781,75,345,10,102,1000,266,0,924,999,999,999,999,464,631,294,400,1,0,1
2025/05/23/15:25:26.448091,127,1748006726,447682142,,1000,123,836,33,807,76,376,10,102,1000,264,0,918,999,999,999,999,463,633,292,393,1,0,1
2025/05/23/15:25:26.458049,128,1748006726,457662105,,1000,122,842,33,817,76,395,10,103,1000,263,0,912,999,999,999,999,463,634,290,389,1,0,1
2025/05/23/15:25:26.468068,129,1748006726,467642307,,1000,123,847,33,826,77,418,9,103,1000,263,0,905,999,999,999,999,462,635,290,384,1,0,1
2025/05/23/15:25:26.478246,130,1748006726,477744579,,1000,123,852,33,833,78,445,9,104,1000,263,0,897,999,970,999,999,462,635,288,379,1,0,1
2025/05/23/15:25:26.488571,131,1748006726,488019227,,1000,122,855,33,839,78,475,9,105,1000,262,0,889,999,930,999,999,461,636,288,372,1,0,1
2025/05/23/15:25:26.497917,132,1748006726,497623920,,1000,122,858,33,845,78,508,9,105,1000,262,0,888,999,885,999,999,461,636,288,365,1,0,1
2025/05/23/15:25:26.508137,133,1748006726,507667303,,1000,122,860,33,851,79,549,9,105,1000,261,0,900,999,817,999,999,461,636,288,357,1,0,1
2025/05/23/15:25:26.518682,134,1748006726,517903327,,1000,122,860,33,857,79,581,8,106,1000,261,0,912,999,751,999,999,460,636,288,352,1,0,1
2025/05/23/15:25:26.528422,135,1748006726,527879953,,1000,122,860,33,861,79,613,8,106,1000,260,0,918,999,676,999,999,460,636,286,348,1,0,1
2025/05/23/15:25:26.538316,136,1748006726,537773609,,1000,122,861,33,866,78,645,8,106,1000,261,0,918,999,606,999,999,460,636,288,346,1,0,1
2025/05/23/15:25:26.548127,137,1748006726,547629117,,1000,122,864,33,869,78,677,8,107,1000,261,0,906,999,539,999,999,460,636,288,345,1,0,1
2025/05/23/15:25:26.558241,138,1748006726,557655096,,1000,122,867,33,872,79,706,8,107,1000,262,0,900,999,483,999,999,459,636,290,343,1,0,1
2025/05/23/15:25:26.568119,139,1748006726,567650079,,1000,122,870,33,873,79,730,7,107,1000,262,0,899,999,438,999,999,460,636,292,343,1,0,1
2025/05/23/15:25:26.578158,140,1748006726,577695369,,1000,122,873,33,875,80,752,7,108,1000,262,0,890,999,411,999,999,460,636,294,343,1,0,1
2025/05/23/15:25:26.588177,141,1748006726,587702512,,1000,123,876,33,878,80,771,7,110,1000,262,0,872,999,387,999,999,460,635,296,344,1,0,1
2025/05/23/15:25:26.598211,142,1748006726,597694158,,1000,123,879,34,881,81,788,7,111,1000,261,0,862,999,357,999,999,461,635,298,346,1,0,1
2025/05/23/15:25:26.608240,143,1748006726,607688665,,1000,123,883,34,885,81,802,7,112,1000,260,0,861,999,326,979,999,461,635,302,352,1,0,1
2025/05/23/15:25:26.618306,144,1748006726,617643833,,1000,123,887,34,888,82,814,7,114,1000,259,0,854,999,303,921,999,461,636,304,362,1,0,1
2025/05/23/15:25:26.628060,145,1748006726,627625703,,1000,123,892,35,891,83,825,8,116,1000,259,0,837,999,279,817,999,461,637,307,380,1,0,1
2025/05/23/15:25:26.638191,146,1748006726,637682676,,1000,123,897,35,893,84,831,8,119,1000,259,0,827,999,260,740,999,461,639,309,395,1,0,1
2025/05/23/15:25:26.647957,147,1748006726,647612094,,1000,123,902,35,894,85,835,7,121,1000,258,0,823,999,244,669,999,461,641,313,412,1,0,1
2025/05/23/15:25:26.657906,148,1748006726,657574176,,1000,123,908,36,895,87,839,8,124,1000,258,0,825,999,231,590,999,461,645,317,431,1,0,1
2025/05/23/15:25:26.667916,149,1748006726,667576313,,1000,123,908,36,895,87,839,8,124,1000,258,0,825,999,231,590,999,461,645,317,431,1,0,1
2025/05/23/15:25:26.677882,150,1748006726,677553176,,1000,123,918,37,895,89,845,8,129,1000,257,0,828,999,217,472,999,461,653,325,462,1,0,1
2025/05/23/15:25:26.688367,151,1748006726,687715768,,1000,123,922,38,895,90,846,8,132,1000,256,0,834,999,213,436,999,461,653,327,473,1,0,1
2025/05/23/15:25:26.698164,152,1748006726,697629928,,1000,123,924,38,895,91,848,8,135,1000,254,0,846,999,210,408,999,462,652,329,481,1,0,1
2025/05/23/15:25:26.708069,153,1748006726,707698106,,1000,123,925,38,895,93,849,8,141,1000,253,0,856,999,208,381,999,462,651,329,487,1,0,1
2025/05/23/15:25:26.717951,154,1748006726,717583656,,1000,123,924,38,893,95,852,8,164,1000,251,0,870,999,204,327,999,463,650,335,501,1,0,1
2025/05/23/15:25:26.728055,155,1748006726,727637529,,1000,123,924,38,893,95,852,8,164,1000,251,0,870,999,204,327,999,463,650,335,501,1,0,1
2025/05/23/15:25:26.738122,156,1748006726,737643241,,1000,123,924,38,893,97,853,8,182,1000,251,0,878,999,202,304,999,463,650,337,508,1,0,1
2025/05/23/15:25:26.747941,157,1748006726,747563362,,1000,123,921,38,893,99,856,8,229,1000,251,0,892,999,202,276,999,462,649,343,519,1,0,1
2025/05/23/15:25:26.757908,158,1748006726,757603406,,1000,123,920,38,894,101,857,8,264,1000,251,0,916,999,203,264,999,462,649,343,524,1,0,1
2025/05/23/15:25:26.767893,159,1748006726,767536878,,1000,123,918,38,893,102,858,8,303,1000,252,0,939,999,204,253,999,461,649,345,530,1,0,1
2025/05/23/15:25:26.777878,160,1748006726,777569770,,1000,123,917,39,893,103,859,8,352,1000,253,0,963,999,205,245,999,461,649,345,535,1,0,1
2025/05/23/15:25:26.788163,161,1748006726,787685394,,1000,123,915,39,893,104,860,8,408,1000,257,0,979,999,207,240,999,461,649,346,540,1,0,1
2025/05/23/15:25:26.798008,162,1748006726,797580242,,1000,123,913,39,893,106,861,8,461,1000,261,0,990,999,208,236,999,460,649,346,544,1,0,1
2025/05/23/15:25:26.808031,163,1748006726,807656288,,1000,123,912,39,893,107,861,8,506,1000,266,0,996,999,209,230,999,460,649,346,547,1,0,1
2025/05/23/15:25:26.817905,164,1748006726,817593097,,1000,123,910,39,893,108,862,8,543,1000,271,0,999,999,209,224,999,459,649,346,551,1,0,1
2025/05/23/15:25:26.827910,165,1748006726,827606201,,1000,123,908,39,892,108,862,8,573,1000,276,0,999,999,208,219,999,459,649,346,554,1,0,1
2025/05/23/15:25:26.838119,166,1748006726,837620973,,1000,123,905,39,892,109,862,8,603,1000,283,0,999,999,208,215,999,458,649,348,559,1,0,1
2025/05/23/15:25:26.847844,167,1748006726,847540616,,1000,123,903,40,891,110,862,8,623,1000,289,0,999,999,209,213,999,458,649,350,562,1,0,1
2025/05/23/15:25:26.858063,168,1748006726,857693195,,1000,123,900,40,890,111,861,8,639,1000,294,0,999,999,210,211,978,457,649,350,565,1,0,1
2025/05/23/15:25:26.867841,169,1748006726,867567300,,1000,123,898,40,889,112,861,8,652,1000,299,0,999,999,210,209,917,456,649,350,567,1,0,1
2025/05/23/15:25:26.877930,170,1748006726,877643108,,1000,123,896,40,888,113,860,8,663,1000,304,0,972,999,211,207,830,456,649,350,570,1,0,1
2025/05/23/15:25:26.888152,171,1748006726,887627840,,1000,123,893,40,886,114,859,8,672,1000,308,0,910,999,212,204,746,455,649,352,574,1,0,1
2025/05/23/15:25:26.898041,172,1748006726,897555112,,1000,123,891,40,884,115,859,8,680,1000,313,0,835,999,212,202,681,455,650,354,576,1,0,1
2025/05/23/15:25:26.907945,173,1748006726,907624244,,1000,123,888,41,882,116,858,8,686,1000,317,0,773,999,213,200,633,454,650,356,577,1,0,1
2025/05/23/15:25:26.917936,174,1748006726,917573451,,1000,123,887,41,880,117,857,8,693,1000,321,0,722,999,213,197,595,454,649,356,579,1,0,1
2025/05/23/15:25:26.927859,175,1748006726,927546262,,1000,123,886,41,879,118,856,8,698,1000,324,0,668,999,214,196,570,454,649,356,581,1,0,1
2025/05/23/15:25:26.938318,176,1748006726,937785148,,1000,123,884,41,877,118,856,8,704,1000,326,0,617,999,215,195,554,453,648,356,583,1,0,1
2025/05/23/15:25:26.947933,177,1748006726,947574377,,1000,123,882,41,876,119,855,9,711,1000,329,0,566,999,218,194,541,452,648,358,584,1,0,1
2025/05/23/15:25:26.957899,178,1748006726,957590341,,1000,123,882,41,876,119,855,9,711,1000,329,0,566,999,218,194,541,452,648,358,584,1,0,1
2025/05/23/15:25:26.988260,179,1748006726,987707138,,1000,123,880,41,872,121,853,9,721,1000,334,0,467,999,223,193,512,451,647,360,588,1,0,1
2025/05/23/15:25:26.998161,180,1748006726,997712373,,1000,123,879,42,871,121,852,9,723,1000,336,0,443,999,225,194,504,450,647,360,589,1,0,1
2025/05/23/15:25:27.008326,181,1748006727,7731437,,1000,123,878,42,869,122,851,9,725,1000,337,0,430,999,227,194,499,450,647,362,589,1,0,1
2025/05/23/15:25:27.018056,182,1748006727,17638683,,1000,123,877,42,869,122,851,9,726,1000,338,0,419,999,229,195,496,450,647,362,589,1,0,1
2025/05/23/15:25:27.028032,183,1748006727,27618646,,1000,122,876,42,866,123,849,9,730,1000,339,0,412,999,236,196,491,449,645,360,589,1,0,1
2025/05/23/15:25:27.497866,184,1748006727,497571945,,1000,120,837,43,815,127,810,10,745,1000,311,0,392,999,347,271,553,430,628,345,579,1,0,1
2025/05/23/15:25:27.507997,185,1748006727,507648468,,1000,120,837,43,815,127,810,10,745,1000,313,0,386,999,354,274,557,429,628,345,579,1,0,1
2025/05/23/15:25:27.518004,186,1748006727,517603158,,1000,120,837,43,814,128,809,10,745,1000,314,0,381,999,359,276,561,429,628,345,579,1,0,1
2025/05/23/15:25:27.528079,187,1748006727,527676820,,1000,120,837,43,812,128,808,10,746,1000,316,0,375,999,361,277,565,429,628,345,579,1,0,1
2025/05/23/15:25:27.538059,188,1748006727,537669658,,1000,120,836,43,812,128,808,10,746,1000,317,0,368,999,364,278,569,429,628,345,578,1,0,1
2025/05/23/15:25:27.547909,189,1748006727,547587633,,1000,120,836,43,811,128,807,10,746,1000,319,0,362,999,367,280,572,429,627,345,578,1,0,1
2025/05/23/15:25:27.558086,190,1748006727,557677745,,1000,120,836,43,810,128,806,10,746,1000,320,0,355,999,370,279,572,429,627,345,579,1,0,1
2025/05/23/15:25:27.567927,191,1748006727,567592620,,1000,120,835,43,809,128,806,10,746,1000,322,0,350,999,371,277,571,429,628,343,579,1,0,1
2025/05/23/15:25:27.577882,192,1748006727,577598810,,1000,120,835,43,809,128,805,10,746,1000,324,0,344,999,370,276,571,429,627,343,579,1,0,1
2025/05/23/15:25:27.587998,193,1748006727,587599754,,1000,119,835,43,808,128,804,10,746,1000,325,0,340,999,367,275,570,429,627,343,580,1,0,1
2025/05/23/15:25:27.597945,194,1748006727,597616672,,1000,119,834,43,807,128,803,9,746,1000,326,0,335,999,364,274,568,429,627,343,581,1,0,1
2025/05/23/15:25:27.608015,195,1748006727,607640743,,1000,119,834,43,807,128,803,9,746,1000,328,0,332,999,362,273,563,429,627,343,582,1,0,1
2025/05/23/15:25:27.617909,196,1748006727,617619037,,1000,119,834,43,806,128,802,9,745,1000,330,0,328,999,358,272,557,429,626,343,583,1,0,1
2025/05/23/15:25:27.628128,197,1748006727,627758264,,1000,119,834,43,806,128,802,9,745,1000,330,0,328,999,358,272,557,429,626,343,583,1,0,1
2025/05/23/15:25:27.638195,198,1748006727,637753248,,1000,119,833,43,805,128,801,9,745,1000,332,0,322,999,353,271,552,428,626,343,584,1,0,1
2025/05/23/15:25:27.648041,199,1748006727,647631645,,1000,119,833,43,805,128,800,9,745,1000,333,0,319,999,351,269,545,428,626,343,584,1,0,1
2025/05/23/15:25:27.658084,200,1748006727,657755136,,1000,119,833,43,805,128,800,9,745,1000,334,0,316,999,348,266,537,428,625,343,585,1,0,1
2025/05/23/15:25:27.668388,201,1748006727,667762279,,1000,119,832,43,804,128,799,9,745,1000,335,0,314,999,346,265,528,428,626,343,587,1,0,1
2025/05/23/15:25:27.678115,202,1748006727,677702426,,1000,119,832,43,803,128,799,9,745,1000,335,0,312,999,343,263,520,428,625,343,588,1,0,1
2025/05/23/15:25:27.687952,203,1748006727,687598705,,1000,119,831,43,803,128,798,9,744,1000,336,0,303,999,340,260,503,427,625,343,589,1,0,1
2025/05/23/15:25:27.698061,204,1748006727,697708606,,1000,119,831,43,803,127,798,9,744,1000,337,0,300,999,338,259,499,427,624,341,590,1,0,1
2025/05/23/15:25:27.707924,205,1748006727,707588672,,1000,119,831,43,802,127,797,9,745,1000,337,0,298,999,338,259,496,427,624,341,591,1,0,1
2025/05/23/15:25:27.717885,206,1748006727,717590808,,1000,119,831,43,802,127,797,9,745,1000,337,0,297,999,338,257,492,427,624,343,591,1,0,1
2025/05/23/15:25:27.727863,207,1748006727,727558374,,1000,119,831,43,802,127,797,9,745,1000,337,0,297,999,340,255,488,426,624,341,591,1,0,1
2025/05/23/15:25:27.737913,208,1748006727,737581729,,1000,119,831,43,801,126,796,9,745,1000,337,0,297,999,342,254,485,426,624,341,591,1,0,1
2025/05/23/15:25:27.747931,209,1748006727,747572183,,1000,119,831,43,801,126,796,9,745,1000,337,0,295,999,345,253,482,426,624,341,592,1,0,1
2025/05/23/15:25:27.757983,210,1748006727,757587909,,1000,119,830,43,801,126,796,9,745,1000,337,0,293,999,345,252,479,426,623,341,592,1,0,1
2025/05/23/15:25:27.768017,211,1748006727,767700910,,1000,119,830,43,801,125,796,9,745,1000,336,0,292,999,347,251,476,426,623,341,591,1,0,1
2025/05/23/15:25:27.777951,212,1748006727,777545452,,1000,119,830,43,800,125,795,9,745,1000,336,0,292,999,346,250,473,426,623,341,592,1,0,1
2025/05/23/15:25:27.788037,213,1748006727,787595033,,1000,119,830,43,800,125,795,9,745,1000,335,0,291,999,343,250,469,426,623,341,592,1,0,1
2025/05/23/15:25:27.797960,214,1748006727,797598838,,1000,119,829,43,799,125,795,9,744,1000,335,0,290,999,341,250,468,426,622,341,592,1,0,1
2025/05/23/15:25:27.807986,215,1748006727,807606458,,1000,119,829,43,799,124,795,9,744,1000,334,0,289,999,340,250,466,426,622,341,592,1,0,1
2025/05/23/15:25:27.818075,216,1748006727,817648887,,1000,119,829,43,799,124,794,9,744,1000,334,0,289,999,340,250,464,425,622,339,592,1,0,1
2025/05/23/15:25:27.827955,217,1748006727,827614307,,1000,119,829,43,799,124,794,9,743,1000,333,0,289,999,343,250,463,425,622,339,592,1,0,1
2025/05/23/15:25:27.837807,218,1748006727,837555885,,1000,119,828,43,798,123,794,9,743,1000,333,0,289,999,343,250,462,425,622,339,591,1,0,1
2025/05/23/15:25:27.847931,219,1748006727,847614288,,1000,119,828,43,797,123,794,9,743,1000,333,0,288,999,343,250,462,425,621,339,591,1,0,1
2025/05/23/15:25:27.857888,220,1748006727,857635259,,1000,119,828,43,797,123,794,9,743,1000,332,0,287,999,340,249,460,425,621,339,591,1,0,1
2025/05/23/15:25:27.867828,221,1748006727,867536783,,1000,119,828,43,798,122,793,9,743,1000,332,0,286,999,337,248,458,425,621,339,591,1,0,1
2025/05/23/15:25:27.877924,222,1748006727,877560377,,1000,119,828,43,797,122,793,9,743,1000,332,0,285,999,335,247,456,424,621,339,592,1,0,1
2025/05/23/15:25:27.887924,223,1748006727,887563228,,1000,119,828,43,797,122,793,9,742,1000,332,0,284,999,333,246,453,424,621,339,592,1,0,1
2025/05/23/15:25:27.897926,224,1748006727,897574424,,1000,119,828,43,797,122,793,9,742,1000,332,0,284,999,333,246,453,424,621,339,592,1,0,1
2025/05/23/15:25:27.908091,225,1748006727,907742500,,1000,119,827,43,796,121,792,9,741,1000,333,0,281,999,326,243,450,424,621,339,593,1,0,1
2025/05/23/15:25:27.917936,226,1748006727,917549610,,1000,119,827,43,796,121,792,9,741,1000,333,0,279,999,322,242,448,424,621,339,594,1,0,1
2025/05/23/15:25:27.927861,227,1748006727,927557945,,1000,119,827,43,796,121,792,9,741,1000,333,0,276,999,318,242,447,424,620,339,594,1,0,1
2025/05/23/15:25:27.938030,228,1748006727,937564134,,1000,119,827,43,796,121,791,9,741,1000,333,0,274,999,315,242,446,424,620,339,595,1,0,1
2025/05/23/15:25:27.948143,229,1748006727,947627067,,1000,119,827,43,796,120,791,9,741,1000,334,0,273,999,314,241,445,424,620,337,594,1,0,1
2025/05/23/15:25:27.957986,230,1748006727,957582473,,1000,119,827,43,796,120,791,9,741,1000,334,0,272,999,312,241,443,424,620,337,594,1,0,1
2025/05/23/15:25:27.967905,231,1748006727,967578411,,1000,119,827,43,795,120,791,9,741,1000,334,0,271,999,311,241,443,423,620,337,594,1,0,1
2025/05/23/15:25:27.977839,232,1748006727,977568149,,1000,119,827,43,795,120,790,9,741,1000,334,0,269,999,310,241,444,423,620,337,594,1,0,1
2025/05/23/15:25:27.988046,233,1748006727,987603425,,1000,119,827,43,795,120,790,9,741,1000,334,0,268,999,309,241,445,423,620,337,594,1,0,1
2025/05/23/15:25:27.997853,234,1748006727,997558355,,1000,119,827,43,794,119,789,9,741,1000,335,0,266,999,308,241,449,423,619,335,594,1,0,1
2025/05/23/15:25:28.008040,235,1748006728,7593870,,1000,118,826,43,794,119,789,9,741,1000,337,0,265,999,309,243,455,423,619,335,594,1,0,1
2025/05/23/15:25:28.018114,236,1748006728,17631053,,1000,118,826,43,794,119,789,9,741,1000,340,0,265,999,311,244,463,423,619,335,594,1,0,1
2025/05/23/15:25:28.027904,237,1748006728,27582406,,1000,118,826,43,794,119,789,9,741,1000,343,0,264,999,313,245,469,423,619,335,594,1,0,1
2025/05/23/15:25:28.037923,238,1748006728,37531852,,1000,119,826,43,793,118,788,9,741,1000,348,0,263,999,318,247,479,423,619,335,594,1,0,1
2025/05/23/15:25:28.047910,239,1748006728,47535657,,1000,119,825,43,793,118,787,9,741,1000,354,0,260,999,322,250,485,423,619,335,595,1,0,1
2025/05/23/15:25:28.058206,240,1748006728,57699680,,1000,119,825,43,792,118,787,9,741,1000,360,0,257,999,322,253,492,424,620,335,596,1,0,1
2025/05/23/15:25:28.068002,241,1748006728,67595720,,1000,119,825,43,792,118,786,9,741,1000,367,0,254,999,319,258,501,424,620,333,596,1,0,1
2025/05/23/15:25:28.097939,242,1748006728,97599267,,1000,118,823,43,790,118,783,9,738,1000,388,0,250,999,310,265,528,426,621,333,597,1,0,1
2025/05/23/15:25:28.107990,243,1748006728,107624769,,1000,119,822,43,790,118,781,9,736,1000,404,0,248,999,308,270,552,426,621,333,597,1,0,1
2025/05/23/15:25:28.117993,244,1748006728,117626428,,1000,119,821,43,788,118,779,9,733,1000,420,0,244,999,311,274,580,426,621,333,598,1,0,1
2025/05/23/15:25:28.127811,245,1748006728,127557516,,1000,119,820,43,787,117,778,9,730,1000,434,0,239,999,311,276,609,426,621,333,598,1,0,1
2025/05/23/15:25:28.147905,246,1748006728,147586584,,1000,117,795,41,773,111,752,9,710,1000,618,16,276,999,254,281,743,421,608,306,555,1,0,1
2025/05/23/15:25:28.157915,247,1748006728,157569885,,1000,117,794,41,773,111,751,9,710,1000,617,16,279,999,254,282,749,420,607,306,555,1,0,1
2025/05/23/15:25:28.168101,248,1748006728,167622089,,1000,117,794,41,773,111,751,9,709,1000,617,16,281,999,255,283,752,420,607,306,555,1,0,1
2025/05/23/15:25:28.178088,249,1748006728,177710533,,1000,117,794,41,773,110,750,9,709,1000,616,16,281,999,255,284,755,420,607,304,555,1,0,1
2025/05/23/15:25:28.188150,250,1748006728,187622308,,1000,117,793,41,773,110,750,9,709,1000,615,16,281,999,256,285,759,419,606,304,554,1,0,1
2025/05/23/15:25:28.197959,251,1748006728,197654008,,1000,117,793,41,773,110,750,9,709,1000,614,16,280,999,256,284,761,419,606,302,553,1,0,1
2025/05/23/15:25:28.208064,252,1748006728,207621335,,1000,118,793,41,773,110,749,9,709,1000,614,16,279,999,256,284,760,419,606,302,553,1,0,1
2025/05/23/15:25:28.217947,253,1748006728,217608451,,1000,117,793,41,773,109,749,9,709,1000,613,17,279,999,256,284,761,419,605,302,552,1,0,1
2025/05/23/15:25:28.227957,254,1748006728,227629899,,1000,117,793,41,773,109,749,9,709,1000,612,17,279,999,257,285,766,419,605,300,552,1,0,1
2025/05/23/15:25:28.238280,255,1748006728,237672328,,1000,117,792,41,772,109,748,9,708,1000,611,17,279,999,259,290,773,418,605,300,552,1,0,1
2025/05/23/15:25:28.248067,256,1748006728,247643947,,1000,117,792,41,772,109,748,9,708,1000,611,18,279,999,259,294,778,418,604,300,552,1,0,1
2025/05/23/15:25:28.258136,257,1748006728,257692813,,1000,117,792,41,772,108,748,9,708,1000,610,18,280,999,259,296,782,418,604,300,551,1,0,1
2025/05/23/15:25:28.268117,258,1748006728,267653226,,1000,117,792,41,772,108,747,8,708,1000,610,18,281,999,259,298,786,418,604,300,551,1,0,1
2025/05/23/15:25:28.277975,259,1748006728,277564525,,1000,117,792,41,772,108,747,8,708,1000,610,19,281,999,259,301,789,418,604,300,550,1,0,1
2025/05/23/15:25:28.288172,260,1748006728,287725210,,1000,117,792,41,772,108,746,8,707,1000,610,19,283,999,260,303,792,418,604,298,550,1,0,1
2025/05/23/15:25:28.297923,261,1748006728,297538995,,1000,117,792,41,772,107,746,9,707,1000,610,19,285,999,260,306,795,418,603,298,550,1,0,1
2025/05/23/15:25:28.308128,262,1748006728,307616472,,1000,117,792,41,772,107,746,9,707,1000,609,19,287,999,259,309,799,418,602,298,550,1,0,1
2025/05/23/15:25:28.317967,263,1748006728,317532777,,1000,117,792,41,772,107,746,9,707,1000,609,19,287,999,259,309,799,418,602,298,550,1,0,1
2025/05/23/15:25:28.327885,264,1748006728,327548742,,1000,117,792,41,771,107,745,8,707,1000,609,18,295,999,261,318,817,417,602,298,550,1,0,1
2025/05/23/15:25:28.338234,265,1748006728,337794065,,1000,117,792,41,771,107,745,8,707,1000,609,18,301,999,263,322,823,417,601,298,550,1,0,1
2025/05/23/15:25:28.348051,266,1748006728,347697257,,1000,117,792,41,771,106,745,8,707,1000,608,18,306,999,265,326,828,417,601,296,549,1,0,1
2025/05/23/15:25:28.358064,267,1748006728,357671737,,1000,117,792,41,771,106,745,8,706,1000,608,18,309,999,268,330,836,417,601,296,548,1,0,1
2025/05/23/15:25:28.367851,268,1748006728,367559194,,1000,117,792,41,771,106,745,8,706,1000,608,18,312,999,270,331,846,417,601,296,548,1,0,1
2025/05/23/15:25:28.377941,269,1748006728,377600908,,1000,116,791,41,771,106,744,8,706,1000,608,18,314,999,272,333,847,417,601,296,548,1,0,1
2025/05/23/15:25:28.388054,270,1748006728,387593507,,1000,116,791,40,770,106,744,8,706,1000,608,17,318,999,273,335,848,417,600,296,548,1,0,1
2025/05/23/15:25:28.397954,271,1748006728,397622346,,1000,116,791,41,771,106,744,8,706,1000,607,17,324,999,277,342,863,417,598,294,548,1,0,1
2025/05/23/15:25:28.407831,272,1748006728,407562494,,1000,116,791,41,770,106,744,8,705,1000,607,16,326,999,280,347,877,417,598,294,548,1,0,1
2025/05/23/15:25:28.417869,273,1748006728,417559385,,1000,116,790,41,770,106,744,8,705,1000,606,17,330,999,285,349,897,417,598,296,547,1,0,1
2025/05/23/15:25:28.427880,274,1748006728,427568197,,1000,116,791,41,770,106,744,8,705,1000,606,17,335,999,291,353,928,417,598,294,547,1,0,1
2025/05/23/15:25:28.438121,275,1748006728,437572717,,1000,116,791,41,770,106,744,8,704,1000,605,18,340,999,296,358,960,417,597,294,547,1,0,1
2025/05/23/15:25:28.448071,276,1748006728,447564363,,1000,116,790,40,770,105,743,8,704,1000,605,18,345,999,302,363,983,417,597,292,546,1,0,1
2025/05/23/15:25:28.457868,277,1748006728,457551956,,1000,116,790,40,770,105,743,8,704,1000,605,18,349,999,306,368,991,416,597,292,546,1,0,1
2025/05/23/15:25:28.467925,278,1748006728,467592477,,1000,116,790,40,770,105,743,8,704,1000,606,19,353,999,310,375,996,416,597,292,546,1,0,1
2025/05/23/15:25:28.477968,279,1748006728,477540254,,1000,116,790,40,770,105,743,8,703,1000,607,19,355,999,312,382,999,416,596,292,546,1,0,1
2025/05/23/15:25:28.487861,280,1748006728,487534046,,1000,116,790,40,770,105,742,8,702,1000,608,19,358,999,314,388,999,416,596,292,546,1,0,1
2025/05/23/15:25:28.498017,281,1748006728,497636556,,1000,116,790,40,769,105,742,8,701,1000,608,19,361,999,315,393,999,416,595,292,545,1,0,1
2025/05/23/15:25:28.508168,282,1748006728,507721185,,1000,116,790,40,769,105,742,8,700,1000,608,19,365,999,316,397,999,416,595,292,544,1,0,1
2025/05/23/15:25:28.518187,283,1748006728,517668247,,1000,116,789,40,768,105,742,8,700,1000,609,20,369,999,317,404,999,416,595,292,543,1,0,1
2025/05/23/15:25:28.528028,284,1748006728,527626752,,1000,116,789,40,768,105,741,8,699,1000,610,20,376,999,320,412,999,416,594,292,542,1,0,1
2025/05/23/15:25:28.538130,285,1748006728,537639379,,1000,116,789,40,768,105,741,8,698,1000,611,21,384,999,324,421,999,415,595,290,541,1,0,1
2025/05/23/15:25:28.548233,286,1748006728,547661066,,1000,116,789,40,768,105,741,9,697,1000,612,21,392,999,325,431,999,415,594,290,539,1,0,1
2025/05/23/15:25:28.558187,287,1748006728,557642936,,1000,116,789,40,768,105,740,9,696,1000,613,21,402,999,325,439,999,415,594,290,538,1,0,1
2025/05/23/15:25:28.567995,288,1748006728,567637205,,1000,116,790,40,767,105,739,8,695,1000,615,22,412,999,329,452,999,415,594,290,537,1,0,1
2025/05/23/15:25:28.578227,289,1748006728,577647924,,1000,116,790,40,767,105,739,8,694,1000,617,22,416,999,333,458,999,414,594,290,536,1,0,1
2025/05/23/15:25:28.588106,290,1748006728,587632656,,1000,116,789,40,767,105,738,8,693,1000,621,22,419,999,333,463,999,414,593,288,534,1,0,1
2025/05/23/15:25:28.598046,291,1748006728,597651720,,1000,116,789,40,767,105,737,8,692,1000,623,22,422,999,334,469,999,413,592,288,532,1,0,1
2025/05/23/15:25:28.608067,292,1748006728,607660770,,1000,116,789,40,767,105,737,8,692,1000,623,22,422,999,334,469,999,413,592,288,532,1,0,1
2025/05/23/15:25:28.618028,293,1748006728,617605447,,1000,116,789,40,766,105,735,8,691,1000,629,22,426,999,337,485,999,413,591,288,529,1,0,1
2025/05/23/15:25:28.628300,294,1748006728,627779483,,1000,116,790,40,765,105,735,8,690,1000,633,22,424,999,340,496,999,413,591,286,529,1,0,1
2025/05/23/15:25:28.638152,295,1748006728,637705802,,1000,116,791,40,765,105,735,8,690,1000,639,23,423,999,347,509,999,412,590,284,528,1,0,1
2025/05/23/15:25:28.648239,296,1748006728,647686958,,1000,116,792,40,765,105,734,8,688,1000,645,23,425,999,356,525,999,412,590,286,528,1,0,1
2025/05/23/15:25:28.658264,297,1748006728,657699823,,1000,116,794,40,764,105,733,8,686,1000,653,25,435,999,370,554,999,411,590,284,526,1,0,1
2025/05/23/15:25:28.668144,298,1748006728,667696714,,1000,116,794,40,764,105,733,8,686,1000,653,25,435,999,370,554,999,411,590,284,526,1,0,1
2025/05/23/15:25:28.678211,299,1748006728,677630662,,1000,116,795,40,764,106,732,8,685,1000,657,26,439,999,377,572,999,411,588,284,524,1,0,1
2025/05/23/15:25:28.688063,300,1748006728,687661409,,1000,116,798,40,764,106,731,8,683,1000,663,29,439,999,390,596,999,409,587,282,522,1,0,1
2025/05/23/15:25:28.698182,301,1748006728,697664022,,1000,116,800,40,764,106,731,8,682,1000,666,31,446,999,394,614,999,408,587,282,521,1,0,1
2025/05/23/15:25:28.708179,302,1748006728,707696437,,1000,116,802,40,764,106,731,8,681,1000,667,32,456,999,396,632,999,407,586,280,519,1,0,1
2025/05/23/15:25:28.718440,303,1748006728,717768907,,1000,116,805,40,764,107,731,8,680,1000,669,33,467,999,404,654,999,406,585,282,517,1,0,1
2025/05/23/15:25:28.728091,304,1748006728,727626085,,1000,116,808,40,764,107,730,8,679,1000,672,35,482,999,413,678,999,405,583,280,515,1,0,1
2025/05/23/15:25:28.738098,305,1748006728,737719774,,1000,116,812,40,763,107,730,8,677,1000,677,36,510,999,426,709,999,404,583,280,513,1,0,1
2025/05/23/15:25:28.747920,306,1748006728,747587442,,1000,116,815,40,763,107,729,8,675,1000,680,37,545,999,435,728,999,403,582,278,511,1,0,1
2025/05/23/15:25:28.758212,307,1748006728,757663726,,1000,116,817,40,763,108,729,8,672,1000,682,38,578,999,436,747,999,401,581,276,509,1,0,1
2025/05/23/15:25:28.768203,308,1748006728,767625808,,1000,116,820,40,762,108,728,9,669,1000,683,38,606,999,440,762,999,400,580,276,507,1,0,1
2025/05/23/15:25:28.777890,309,1748006728,777595281,,1000,116,822,40,761,108,727,9,665,1000,683,40,635,999,454,782,999,399,579,274,504,1,0,1
2025/05/23/15:25:28.788090,310,1748006728,787584781,,1000,116,825,40,761,108,726,9,661,1000,682,40,656,999,465,792,999,397,579,274,501,1,0,1
2025/05/23/15:25:28.797996,311,1748006728,797646760,,1000,116,826,40,761,108,725,9,658,1000,682,41,685,999,477,800,999,396,578,272,499,1,0,1
2025/05/23/15:25:28.807974,312,1748006728,807579278,,1000,116,828,40,760,108,724,9,654,1000,681,42,710,999,495,803,999,395,577,272,497,1,0,1
2025/05/23/15:25:28.818072,313,1748006728,817566871,,1000,116,830,40,760,108,722,9,650,1000,680,42,732,999,509,805,999,394,577,270,496,1,0,1
2025/05/23/15:25:28.828006,314,1748006728,827591180,,1000,116,831,39,759,107,720,9,647,1000,680,43,751,999,520,808,999,394,576,270,494,1,0,1
2025/05/23/15:25:28.838025,315,1748006728,837632179,,1000,116,832,40,759,107,718,9,643,1000,679,43,774,999,538,822,999,393,576,269,492,1,0,1
2025/05/23/15:25:28.848058,316,1748006728,847640275,,1000,115,833,39,758,107,717,9,639,1000,679,44,794,999,562,841,999,392,575,269,490,1,0,1
2025/05/23/15:25:28.857920,317,1748006728,857569456,,1000,116,834,39,758,107,716,9,634,1000,680,44,814,999,607,862,999,391,575,267,489,1,0,1
2025/05/23/15:25:28.868144,318,1748006728,867784976,,1000,116,836,39,757,107,714,9,630,1000,682,44,850,999,652,879,999,390,574,267,487,1,0,1
2025/05/23/15:25:28.878154,319,1748006728,877691507,,1000,116,838,39,757,107,714,9,625,1000,685,46,893,999,694,891,999,389,574,267,485,1,0,1
2025/05/23/15:25:28.888037,320,1748006728,887619495,,1000,116,840,39,757,107,712,9,619,1000,689,47,961,999,754,904,999,388,573,265,483,1,0,1
2025/05/23/15:25:28.897974,321,1748006728,897587776,,1000,116,841,39,756,107,711,9,614,1000,691,48,993,999,803,912,999,387,572,265,481,1,0,1
2025/05/23/15:25:28.908010,322,1748006728,907631874,,1000,116,841,39,756,107,711,9,614,1000,691,48,993,999,803,912,999,387,572,265,481,1,0,1
2025/05/23/15:25:28.917870,323,1748006728,917595863,,1000,116,840,39,756,107,709,9,603,1000,695,50,999,999,888,916,999,385,571,263,478,1,0,1
2025/05/23/15:25:28.927968,324,1748006728,927545785,,1000,115,840,39,755,107,708,9,597,1000,697,50,999,999,917,939,999,384,571,263,477,1,0,1
2025/05/23/15:25:28.938101,325,1748006728,937609910,,1000,115,840,39,755,107,707,9,591,1000,697,50,999,999,947,972,999,383,570,263,475,1,0,1
2025/05/23/15:25:28.947989,326,1748006728,947614669,,1000,115,840,39,754,107,706,9,586,1000,699,51,999,999,977,994,999,382,570,261,473,1,0,1
2025/05/23/15:25:28.958001,327,1748006728,957584142,,1000,115,842,39,754,107,704,9,573,1000,703,51,999,999,999,999,999,380,570,259,469,1,0,1
2025/05/23/15:25:28.968021,328,1748006728,967623472,,1000,116,843,39,754,107,703,9,565,1000,706,51,999,999,999,999,999,379,570,259,467,1,0,1
2025/05/23/15:25:28.978064,329,1748006728,977667093,,1000,116,843,39,753,107,702,10,557,1000,708,52,999,999,999,999,999,378,570,259,465,1,0,1
2025/05/23/15:25:28.987995,330,1748006728,987589120,,1000,116,842,39,752,107,701,10,546,1000,708,52,999,999,999,999,999,377,568,259,462,1,0,1
2025/05/23/15:25:28.998058,331,1748006728,997601747,,1000,116,841,39,751,106,698,10,534,1000,708,52,999,999,999,999,999,376,568,259,459,1,0,1
2025/05/23/15:25:29.008049,332,1748006729,7605791,,1000,116,840,39,750,106,696,10,525,1000,707,51,999,999,999,999,999,375,568,257,456,1,0,1
2025/05/23/15:25:29.017886,333,1748006729,17559766,,1000,116,839,38,748,105,693,10,515,1000,706,50,999,999,999,999,999,374,568,257,453,1,0,1
2025/05/23/15:25:29.027996,334,1748006729,27613162,,1000,116,836,38,744,104,690,11,504,1000,705,50,999,999,999,999,999,373,567,255,449,1,0,1
2025/05/23/15:25:29.038288,335,1748006729,37589788,,1000,116,833,38,740,104,686,11,493,1000,705,49,999,999,999,999,999,372,568,253,445,1,0,1
2025/05/23/15:25:29.048221,336,1748006729,47705650,,1000,116,829,38,734,104,680,11,482,1000,705,49,999,999,999,999,999,371,568,253,442,1,0,1
2025/05/23/15:25:29.058136,337,1748006729,57636022,,1000,116,826,38,725,103,674,12,470,1000,704,49,999,999,999,999,999,370,568,251,437,1,0,1
2025/05/23/15:25:29.067968,338,1748006729,67620277,,1000,116,822,38,715,103,666,12,458,1000,701,49,999,999,999,999,999,369,568,251,432,1,0,1
2025/05/23/15:25:29.078084,339,1748006729,77649831,,1000,116,815,38,702,103,656,12,446,1000,693,50,999,999,999,999,999,369,570,251,427,1,0,1
2025/05/23/15:25:29.088154,340,1748006729,87640285,,1000,116,803,38,688,102,643,13,435,1000,683,52,999,999,999,999,999,368,572,251,421,1,0,1
2025/05/23/15:25:29.098070,341,1748006729,97621679,,1000,116,786,38,671,101,629,13,423,1000,672,54,999,999,999,999,999,368,573,253,414,1,0,1
2025/05/23/15:25:29.107996,342,1748006729,107608556,,1000,116,758,38,647,101,610,13,410,1000,661,57,999,999,999,999,999,368,574,253,407,1,0,1
2025/05/23/15:25:29.118089,343,1748006729,117633581,,1000,116,734,37,628,100,594,14,401,1000,654,61,999,999,999,999,999,368,575,251,402,1,0,1
2025/05/23/15:25:29.128028,344,1748006729,127580165,,1000,116,709,37,608,99,579,14,393,1000,646,64,999,999,999,999,999,368,576,251,398,1,0,1
2025/05/23/15:25:29.137942,345,1748006729,137574672,,1000,116,684,37,589,99,563,14,386,1000,637,67,999,999,999,999,999,369,576,249,393,1,0,1
2025/05/23/15:25:29.147930,346,1748006729,147571563,,1000,116,662,37,569,98,547,15,379,1000,628,69,999,999,999,999,999,369,576,249,389,1,0,1
2025/05/23/15:25:29.158274,347,1748006729,157655954,,1000,116,642,37,551,97,532,15,372,1000,618,70,999,999,999,999,999,370,576,251,384,1,0,1
2025/05/23/15:25:29.168064,348,1748006729,167757749,,1000,116,625,37,534,96,517,15,366,1000,607,71,999,999,999,999,999,371,577,253,379,1,0,1
2025/05/23/15:25:29.178159,349,1748006729,177608489,,1000,116,625,37,534,96,517,15,366,1000,607,71,999,999,999,999,999,371,577,253,379,1,0,1
2025/05/23/15:25:29.188183,350,1748006729,187670707,,1000,116,596,37,506,95,490,15,356,1000,583,69,999,999,999,999,999,373,578,255,366,1,0,1
2025/05/23/15:25:29.197980,351,1748006729,197593450,,1000,116,583,37,494,95,478,15,351,1000,570,67,999,999,999,999,999,375,579,257,360,1,0,1
2025/05/23/15:25:29.208293,352,1748006729,207753419,,1000,116,572,37,484,94,467,15,347,1000,556,65,999,999,999,999,999,376,581,259,354,1,0,1
2025/05/23/15:25:29.218119,353,1748006729,217608928,,1000,116,563,37,473,93,456,15,344,1000,542,62,999,999,999,999,999,379,583,261,347,1,0,1
2025/05/23/15:25:29.228015,354,1748006729,227634191,,1000,116,553,37,462,92,444,15,338,1000,525,59,999,999,999,999,999,381,587,261,341,1,0,1
2025/05/23/15:25:29.238031,355,1748006729,237588644,,1000,116,546,37,454,92,435,16,335,1000,513,57,999,999,999,999,999,384,590,263,335,1,0,1
2025/05/23/15:25:29.248111,356,1748006729,247634887,,1000,117,539,37,446,91,426,16,331,1000,500,54,999,999,999,999,999,387,594,265,331,1,0,1
2025/05/23/15:25:29.258102,357,1748006729,257737159,,1000,118,527,37,430,89,409,16,322,1000,476,49,999,999,999,999,999,393,602,265,322,1,0,1
2025/05/23/15:25:29.267956,358,1748006729,267579078,,1000,119,521,37,422,89,401,16,317,1000,466,46,999,999,999,999,999,396,607,265,319,1,0,1
2025/05/23/15:25:29.277937,359,1748006729,277577400,,1000,119,516,38,415,88,394,16,311,1000,457,44,999,999,999,999,999,400,613,265,316,1,0,1
2025/05/23/15:25:29.287936,360,1748006729,287587642,,1000,120,511,38,408,88,388,16,306,1000,447,42,999,999,999,999,999,403,620,265,312,1,0,1
2025/05/23/15:25:29.298089,361,1748006729,297613859,,1000,120,507,38,401,88,381,16,302,1000,438,39,999,999,999,999,999,407,628,265,309,1,0,1
2025/05/23/15:25:29.307991,362,1748006729,307632923,,1000,121,503,38,394,87,375,16,297,1000,428,36,999,999,999,999,999,410,638,263,307,1,0,1
2025/05/23/15:25:29.317884,363,1748006729,317555189,,1000,121,499,38,387,86,369,16,292,1000,420,34,999,999,999,999,999,412,648,261,305,1,0,1
2025/05/23/15:25:29.328043,364,1748006729,327566146,,1000,122,494,38,377,85,362,17,287,1000,410,31,999,999,999,999,999,415,663,259,304,1,0,1
2025/05/23/15:25:29.338235,365,1748006729,337644100,,1000,122,492,38,370,85,356,17,284,1000,404,30,999,999,999,999,999,416,673,257,304,1,0,1
2025/05/23/15:25:29.348018,366,1748006729,347731113,,1000,123,489,38,363,84,350,17,279,1000,397,29,999,999,999,999,999,417,684,255,303,1,0,1
2025/05/23/15:25:29.358031,367,1748006729,357682228,,1000,123,486,38,356,84,344,17,275,1000,391,28,999,999,999,999,999,417,695,255,302,1,0,1
2025/05/23/15:25:29.368206,368,1748006729,367665052,,1000,123,484,38,349,83,337,17,271,1000,384,27,999,999,999,999,999,418,705,255,301,1,0,1
2025/05/23/15:25:29.378057,369,1748006729,377659559,,1000,124,481,38,342,82,332,17,266,1000,379,27,999,999,999,999,999,418,713,253,299,1,0,1
2025/05/23/15:25:29.388223,370,1748006729,387738227,,1000,124,479,38,336,82,326,18,262,1000,373,27,999,999,999,999,999,419,721,251,297,1,0,1
2025/05/23/15:25:29.398105,371,1748006729,397638082,,1000,124,477,39,331,81,320,18,258,1000,367,27,999,999,999,999,999,420,729,251,295,1,0,1
2025/05/23/15:25:29.408304,372,1748006729,407721281,,1000,124,474,39,325,81,315,18,253,1000,362,27,999,999,999,999,999,421,734,251,292,1,0,1
2025/05/23/15:25:29.417981,373,1748006729,417588472,,1000,124,472,39,321,80,309,18,249,1000,357,27,999,999,999,999,999,423,740,253,290,1,0,1
2025/05/23/15:25:29.428317,374,1748006729,427684068,,1000,124,470,39,316,80,304,18,245,1000,352,26,999,999,999,999,999,424,742,251,287,1,0,1
2025/05/23/15:25:29.438221,375,1748006729,437688827,,1000,124,468,39,312,79,300,18,241,1000,348,26,999,999,999,999,999,426,745,251,285,1,0,1
2025/05/23/15:25:29.448088,376,1748006729,447596549,,1000,125,465,39,307,79,294,18,238,1000,342,25,999,999,999,999,999,428,747,251,282,1,0,1
2025/05/23/15:25:29.458296,377,1748006729,457726240,,1000,125,462,39,303,78,290,18,235,1000,339,25,999,999,999,999,999,429,749,251,279,1,0,1
2025/05/23/15:25:29.468119,378,1748006729,467660903,,1000,125,462,39,303,78,290,18,235,1000,339,25,999,999,999,999,999,429,749,251,279,1,0,1
2025/05/23/15:25:29.478172,379,1748006729,477710962,,1000,124,455,39,297,77,283,18,229,1000,332,24,999,999,999,999,999,434,751,251,274,1,0,1
2025/05/23/15:25:29.487900,380,1748006729,487602949,,1000,124,451,39,294,76,280,18,226,1000,329,23,999,999,999,999,999,438,752,251,272,1,0,1
2025/05/23/15:25:29.498180,381,1748006729,497604608,,1000,124,447,39,291,76,277,18,223,1000,325,23,999,999,999,999,999,442,754,251,270,1,0,1
2025/05/23/15:25:29.508163,382,1748006729,507682085,,1000,124,444,39,288,75,274,18,221,1000,322,22,999,999,999,999,999,445,754,251,268,1,0,1
2025/05/23/15:25:29.518108,383,1748006729,517663240,,1000,124,440,39,286,75,271,18,219,1000,319,21,999,999,999,999,999,449,754,251,266,1,0,1
2025/05/23/15:25:29.528057,384,1748006729,527687788,,1000,124,432,40,281,74,265,18,215,1000,313,21,999,999,999,999,999,457,752,247,262,1,0,1
2025/05/23/15:25:29.538032,385,1748006729,537574768,,1000,124,428,39,279,74,262,18,214,1000,311,20,999,999,999,999,999,461,754,247,261,1,0,1
2025/05/23/15:25:29.547983,386,1748006729,547588109,,1000,124,428,39,279,74,262,18,214,1000,311,20,999,999,999,999,999,461,754,247,261,1,0,1
2025/05/23/15:25:29.558254,387,1748006729,557718038,,1000,124,420,39,273,74,257,18,210,1000,306,19,999,999,999,999,999,469,750,245,259,1,0,1
2025/05/23/15:25:29.568104,388,1748006729,567625761,,1000,124,416,39,270,73,254,18,209,1000,304,19,999,999,999,999,999,472,749,247,259,1,0,1
2025/05/23/15:25:29.578153,389,1748006729,577721595,,1000,124,412,39,266,73,252,18,208,1000,302,19,999,999,999,999,999,475,747,247,260,1,0,1
2025/05/23/15:25:29.587982,390,1748006729,587584972,,1000,124,407,39,262,72,250,18,207,1000,301,19,999,999,999,999,999,477,745,249,262,1,0,1
2025/05/23/15:25:29.597994,391,1748006729,597580432,,1000,123,403,38,259,72,248,18,206,1000,299,19,999,999,999,999,999,480,743,251,263,1,0,1
2025/05/23/15:25:29.608303,392,1748006729,607709407,,1000,123,399,38,255,71,246,18,205,1000,298,19,999,999,999,999,999,483,742,255,265,1,0,1
2025/05/23/15:25:29.618032,393,1748006729,617580652,,1000,123,395,38,252,71,244,18,204,1000,296,19,999,999,999,999,999,486,741,257,266,1,0,1
2025/05/23/15:25:29.628195,394,1748006729,627662897,,1000,123,391,38,248,70,242,17,203,1000,293,17,999,999,999,999,999,488,739,259,266,1,0,1
2025/05/23/15:25:29.637987,395,1748006729,637634038,,1000,123,387,37,245,69,241,17,202,1000,291,16,999,999,999,999,999,491,737,259,266,1,0,1
2025/05/23/15:25:29.648052,396,1748006729,647678375,,1000,123,384,37,242,69,239,17,201,1000,288,16,999,999,999,999,999,494,736,257,265,1,0,1
2025/05/23/15:25:29.658318,397,1748006729,657655715,,1000,123,380,37,239,68,238,17,200,1000,284,14,999,999,999,999,999,498,734,259,263,1,0,1
2025/05/23/15:25:29.667947,398,1748006729,667591571,,1000,123,378,37,237,68,236,17,199,1000,281,14,999,999,999,999,999,500,733,259,261,1,0,1
2025/05/23/15:25:29.677978,399,1748006729,677584171,,1000,123,375,37,235,67,235,17,198,1000,279,13,999,999,999,999,999,503,731,259,259,1,0,1
2025/05/23/15:25:29.688203,400,1748006729,687705039,,1000,123,372,37,233,67,233,18,197,1000,276,13,999,999,999,999,999,505,729,257,257,1,0,1
2025/05/23/15:25:29.697981,401,1748006729,697605133,,1000,123,369,37,231,67,232,18,196,1000,273,12,999,999,999,999,999,507,728,255,255,1,0,1
2025/05/23/15:25:29.708256,402,1748006729,707621335,,1000,123,366,37,229,66,230,18,195,1000,270,12,999,999,999,999,999,509,726,255,252,1,0,1
2025/05/23/15:25:29.717942,403,1748006729,717600345,,1000,123,363,37,228,66,229,18,194,1000,268,12,999,999,999,999,999,512,725,253,249,1,0,1
2025/05/23/15:25:29.728106,404,1748006729,727628469,,1000,123,361,36,226,66,228,18,193,1000,265,12,999,999,999,999,999,514,724,251,245,1,0,1
2025/05/23/15:25:29.738028,405,1748006729,737620830,,1000,123,361,36,226,66,228,18,193,1000,265,12,999,999,999,999,999,514,724,251,245,1,0,1
2025/05/23/15:25:29.747995,406,1748006729,747586727,,1000,123,356,36,224,66,225,18,191,1000,258,10,999,999,999,999,999,518,722,249,237,1,0,1
2025/05/23/15:25:29.758238,407,1748006729,757689714,,1000,123,354,36,223,65,224,18,190,1000,255,9,999,999,999,999,999,521,721,247,232,1,0,1
2025/05/23/15:25:29.768210,408,1748006729,767721414,,1000,123,354,36,223,65,224,18,190,1000,255,9,999,999,999,999,999,521,721,247,232,1,0,1
2025/05/23/15:25:29.778261,409,1748006729,777671098,,1000,123,349,36,220,65,220,18,188,1000,247,8,999,999,999,999,999,527,717,243,222,1,0,1
2025/05/23/15:25:29.788171,410,1748006729,787633895,,1000,123,347,36,219,65,217,18,186,1000,243,7,999,999,999,999,999,530,716,243,217,1,0,1
2025/05/23/15:25:29.798125,411,1748006729,797651052,,1000,123,346,36,218,65,215,18,185,1000,239,6,999,999,999,999,999,534,715,245,211,1,0,1
2025/05/23/15:25:29.808401,412,1748006729,807700157,,1000,123,344,36,217,65,213,18,183,1000,235,5,999,999,999,999,999,538,713,247,205,1,0,1
2025/05/23/15:25:29.818106,413,1748006729,817723274,,1000,123,342,37,217,64,210,18,181,1000,232,4,999,999,999,999,999,542,712,249,200,1,0,1
2025/05/23/15:25:29.828545,414,1748006729,827890157,,1000,123,339,37,215,64,205,18,178,1000,226,0,996,999,999,999,999,551,713,255,189,1,0,1
2025/05/23/15:25:29.838040,415,1748006729,837671518,,1000,123,337,37,214,64,203,18,177,1000,223,0,996,999,999,999,999,557,713,257,186,1,0,1
2025/05/23/15:25:29.848302,416,1748006729,847674131,,1000,123,336,37,213,64,201,18,176,1000,221,0,999,999,999,999,999,564,713,263,188,1,0,1
2025/05/23/15:25:29.858133,417,1748006729,857679128,,1000,123,335,37,212,64,199,18,175,1000,217,0,999,999,999,999,999,572,714,270,191,1,0,1
2025/05/23/15:25:29.867970,418,1748006729,867605209,,1000,123,334,37,211,64,197,18,173,1000,213,0,999,999,999,999,999,580,714,272,194,1,0,1
2025/05/23/15:25:29.878299,419,1748006729,877666234,,1000,123,332,37,211,64,196,18,172,1000,209,0,999,999,999,999,999,589,716,270,193,1,0,1
2025/05/23/15:25:29.888010,420,1748006729,887637615,,1000,123,331,37,210,64,194,18,171,1000,206,0,999,999,999,999,999,597,718,265,192,1,0,1
2025/05/23/15:25:29.897983,421,1748006729,897587537,,1000,123,330,37,209,64,193,18,170,1000,204,0,999,999,999,999,999,604,719,261,192,1,0,1
2025/05/23/15:25:29.908145,422,1748006729,907670974,,1000,123,328,37,208,63,192,19,169,1000,202,0,999,999,999,999,999,612,720,257,192,1,0,1
2025/05/23/15:25:29.918052,423,1748006729,917653560,,1000,123,327,37,207,63,191,19,169,1000,200,0,999,999,999,999,999,620,721,253,194,1,0,1
2025/05/23/15:25:29.928263,424,1748006729,927598237,,1000,124,326,37,206,63,190,19,168,1000,199,0,999,999,999,999,999,629,722,249,204,1,0,1
2025/05/23/15:25:29.937995,425,1748006729,937629222,,1000,124,324,37,205,63,189,19,167,1000,198,0,997,999,999,999,999,637,724,247,218,1,0,1
2025/05/23/15:25:29.947946,426,1748006729,947581291,,1000,124,323,37,203,63,188,19,167,1000,197,0,993,999,999,999,999,645,725,243,228,1,0,1
2025/05/23/15:25:29.958179,427,1748006729,957700490,,1000,125,322,37,202,63,187,19,166,1000,197,0,990,999,999,999,999,652,726,241,233,1,0,1
2025/05/23/15:25:29.968079,428,1748006729,967574596,,1000,125,321,37,200,63,186,19,166,1000,197,0,994,999,999,999,999,661,728,241,236,1,0,1
2025/05/23/15:25:29.977966,429,1748006729,977618932,,1000,125,320,37,199,63,185,19,165,1000,197,0,998,999,999,999,999,668,731,239,236,1,0,1
2025/05/23/15:25:29.987999,430,1748006729,987576723,,1000,125,319,37,197,63,184,19,165,1000,198,0,999,999,999,999,999,678,733,239,234,1,0,1
2025/05/23/15:25:29.997979,431,1748006729,997601032,,1000,125,318,37,196,63,183,20,164,1000,198,0,999,999,999,999,999,686,736,241,234,1,0,1
2025/05/23/15:25:30.008339,432,1748006730,7850170,,1000,125,317,37,194,63,183,20,164,1000,199,0,999,999,999,999,999,693,740,239,237,1,0,1
2025/05/23/15:25:30.018020,433,1748006730,17677783,,1000,125,316,37,193,62,182,20,163,1000,199,0,999,999,999,999,999,700,741,239,240,1,0,1
2025/05/23/15:25:30.028182,434,1748006730,27646064,,1000,125,316,37,192,62,181,20,163,1000,198,0,999,999,999,999,999,705,742,239,243,1,0,1
2025/05/23/15:25:30.038227,435,1748006730,37754535,,1000,125,316,37,192,62,181,20,163,1000,198,0,999,999,999,999,999,705,742,239,243,1,0,1
2025/05/23/15:25:30.048070,436,1748006730,47629117,,1000,125,315,37,190,62,180,19,162,1000,197,0,999,999,999,999,999,711,744,237,247,1,0,1
2025/05/23/15:25:30.058061,437,1748006730,57672023,,1000,124,315,37,189,62,179,19,161,1000,197,0,999,999,999,999,999,713,745,237,249,1,0,1
2025/05/23/15:25:30.068239,438,1748006730,67764997,,1000,124,314,37,188,62,178,19,161,1000,197,0,999,999,999,999,999,714,745,237,250,1,0,1
2025/05/23/15:25:30.078203,439,1748006730,77699899,,1000,124,313,37,187,62,177,19,161,1000,198,0,999,999,999,999,999,715,746,237,248,1,0,1
2025/05/23/15:25:30.088231,440,1748006730,87670803,,1000,124,313,37,187,62,177,19,161,1000,199,0,999,999,999,999,999,716,746,237,248,1,0,1
2025/05/23/15:25:30.098126,441,1748006730,97705125,,1000,124,313,37,186,62,176,19,160,1000,199,0,999,999,999,999,999,717,746,237,249,1,0,1
2025/05/23/15:25:30.108661,442,1748006730,107924461,,1000,124,312,37,186,62,176,19,160,1000,199,0,999,999,999,999,999,718,747,237,251,1,0,1
2025/05/23/15:25:30.118028,443,1748006730,117585182,,1000,123,312,37,184,61,174,19,159,1000,198,0,999,999,999,999,999,718,747,237,250,1,0,1
2025/05/23/15:25:30.128222,444,1748006730,127676963,,1000,123,311,37,184,61,174,19,158,1000,198,0,999,999,999,999,999,718,747,237,250,1,0,1
2025/05/23/15:25:30.138085,445,1748006730,137648105,,1000,123,311,37,183,61,173,19,158,1000,197,0,999,999,999,999,999,718,747,235,253,1,0,1
2025/05/23/15:25:30.148148,446,1748006730,147699356,,1000,123,311,37,183,61,172,19,157,1000,196,0,999,999,999,999,999,717,746,235,255,1,0,1
2025/05/23/15:25:30.158136,447,1748006730,157656669,,1000,123,310,37,182,61,172,18,157,1000,195,0,999,999,999,999,999,717,746,237,256,1,0,1
2025/05/23/15:25:30.168112,448,1748006730,167692899,,1000,123,310,37,182,61,172,18,157,1000,194,0,999,999,999,999,999,716,746,237,254,1,0,1
2025/05/23/15:25:30.178042,449,1748006730,177613019,,1000,123,309,37,181,61,171,18,156,1000,193,0,999,999,999,999,999,715,746,237,252,1,0,1
2025/05/23/15:25:30.188027,450,1748006730,187658071,,1000,123,309,37,181,61,171,18,156,1000,191,0,999,999,999,999,999,715,746,237,249,1,0,1
2025/05/23/15:25:30.198054,451,1748006730,197588682,,1000,123,308,37,181,60,170,18,156,1000,191,0,999,999,999,999,999,715,746,237,248,1,0,1
2025/05/23/15:25:30.208133,452,1748006730,207693815,,1000,123,307,37,181,60,169,18,155,1000,189,0,999,999,999,999,999,714,746,239,247,1,0,1
2025/05/23/15:25:30.217980,453,1748006730,217620849,,1000,122,306,37,180,60,169,18,155,1000,188,0,999,999,999,999,999,713,746,239,247,1,0,1
2025/05/23/15:25:30.228038,454,1748006730,227607965,,1000,122,305,37,180,60,168,18,155,1000,188,0,999,999,999,999,999,712,747,241,247,1,0,1
2025/05/23/15:25:30.238235,455,1748006730,237728357,,1000,122,304,37,180,60,168,18,155,1000,187,0,999,999,999,999,999,711,746,241,246,1,0,1
2025/05/23/15:25:30.247994,456,1748006730,247630834,,1000,122,303,37,179,59,167,18,154,1000,186,0,999,999,999,999,999,711,746,241,245,1,0,1
2025/05/23/15:25:30.258311,457,1748006730,257674932,,1000,122,302,37,179,59,167,18,154,1000,185,0,999,999,999,999,999,710,746,241,244,1,0,1
2025/05/23/15:25:30.268131,458,1748006730,267648696,,1000,122,302,37,179,59,166,18,154,1000,185,0,999,999,999,999,999,710,746,241,244,1,0,1
2025/05/23/15:25:30.278131,459,1748006730,277662754,,1000,122,301,37,178,59,166,18,154,1000,184,0,999,999,999,999,999,709,746,239,244,1,0,1
2025/05/23/15:25:30.288127,460,1748006730,287692546,,1000,122,300,37,178,59,166,18,153,1000,183,0,999,999,999,999,999,709,747,239,242,1,0,1
2025/05/23/15:25:30.298176,461,1748006730,297684431,,1000,122,299,37,178,59,165,18,153,1000,182,0,999,999,999,999,999,709,748,237,239,1,0,1
2025/05/23/15:25:30.308160,462,1748006730,307651996,,1000,122,298,36,178,59,165,17,153,1000,182,0,999,999,999,999,999,708,749,237,238,1,0,1
2025/05/23/15:25:30.318196,463,1748006730,317745447,,1000,122,297,36,177,59,165,17,153,1000,181,0,999,999,999,999,999,706,750,235,239,1,0,1
2025/05/23/15:25:30.328325,464,1748006730,327816009,,1000,122,297,36,177,59,165,17,153,1000,181,0,999,999,999,999,999,706,750,235,239,1,0,1
2025/05/23/15:25:30.337990,465,1748006730,337554693,,1000,121,295,36,177,59,164,17,152,1000,180,0,999,999,999,999,999,706,749,233,239,1,0,1
2025/05/23/15:25:30.348018,466,1748006730,347575902,,1000,121,294,36,176,59,163,17,151,1000,180,0,999,999,999,999,999,705,749,233,238,1,0,1
2025/05/23/15:25:30.358101,467,1748006730,357599496,,1000,121,292,36,176,59,163,17,151,1000,180,0,999,999,999,999,999,705,750,231,237,1,0,1
2025/05/23/15:25:30.368029,468,1748006730,367652893,,1000,121,292,36,176,59,163,17,151,1000,179,0,999,999,999,999,999,704,750,231,237,1,0,1
2025/05/23/15:25:30.378090,469,1748006730,377630472,,1000,121,290,36,175,59,163,17,151,1000,179,0,999,999,999,999,999,703,750,231,237,1,0,1
2025/05/23/15:25:30.388042,470,1748006730,387661457,,1000,121,289,36,175,58,162,17,150,1000,178,0,999,999,999,999,999,702,750,231,237,1,0,1
