time,.header.seq,.header.stamp.secs,.header.stamp.nsecs,.header.frame_id,.thumb_2,.thumb_1,.index_2,.index_1,.middle_2,.middle_1,.ring_2,.ring_1,.little_2,.little_1,.palm_arch,.thumb_crossover,.press_thumb,.press_index,.press_middle,.press_ring,.press_little,.abd_thumb,.abd_index,.abd_ring,.abd_little,rigidity,object
2025/05/23/16:03:39.270415,1,1748009019,269779443,,1000,440,624,146,371,288,524,84,242,1000,14,33,935,999,999,999,999,475,443,72,0,1,1
2025/05/23/16:03:39.280114,2,1748009019,279681205,,1000,440,624,146,371,288,524,84,242,1000,14,33,935,999,999,999,999,475,443,72,0,1,1
2025/05/23/16:03:39.290179,3,1748009019,289742231,,1000,440,624,146,371,288,524,84,242,1000,14,33,935,999,999,999,999,475,443,72,0,1,1
2025/05/23/16:03:39.300103,4,1748009019,299704313,,1000,440,624,146,371,288,524,84,242,1000,14,33,935,999,999,999,999,475,443,72,0,1,1
2025/05/23/16:03:39.309947,5,1748009019,309562683,,1000,440,624,146,371,288,524,84,242,1000,14,33,935,999,999,999,999,475,443,72,0,1,1
2025/05/23/16:03:39.319952,6,1748009019,319592475,,1000,440,624,146,371,288,524,84,242,1000,14,33,935,999,999,999,999,475,443,72,0,1,1
2025/05/23/16:03:39.329949,7,1748009019,329577684,,1000,440,624,146,371,288,524,84,242,1000,14,33,935,999,999,999,999,475,443,72,0,1,1
2025/05/23/16:03:39.339953,8,1748009019,339607954,,1000,440,624,146,371,288,524,84,242,1000,14,33,935,999,999,999,999,475,443,72,0,1,1
2025/05/23/16:03:39.350342,9,1748009019,349741220,,1000,440,624,146,371,288,524,84,242,1000,14,33,935,999,999,999,999,475,443,72,0,1,1
2025/05/23/16:03:39.360001,10,1748009019,359591484,,1000,440,624,146,371,288,524,84,242,1000,14,33,935,999,999,999,999,475,443,72,0,1,1
2025/05/23/16:03:39.369992,11,1748009019,369609117,,1000,440,624,146,371,288,524,84,242,1000,14,33,935,999,999,999,999,475,443,72,0,1,1
2025/05/23/16:03:39.380195,12,1748009019,379630088,,1000,440,624,146,371,288,524,84,242,1000,14,33,935,999,999,999,999,475,443,72,0,1,1
2025/05/23/16:03:39.390054,13,1748009019,389617443,,1000,440,624,146,371,288,524,84,242,1000,14,33,935,999,999,999,999,475,443,72,0,1,1
2025/05/23/16:03:39.399969,14,1748009019,399542331,,1000,440,624,146,371,288,524,84,242,1000,14,33,935,999,999,999,999,475,443,72,0,1,1
2025/05/23/16:03:39.410162,15,1748009019,409660577,,1000,440,624,146,371,288,524,84,242,1000,14,33,935,999,999,999,999,475,443,72,0,1,1
2025/05/23/16:03:39.420218,16,1748009019,419678926,,1000,440,624,146,371,288,524,84,242,1000,14,33,935,999,999,999,999,475,443,72,0,1,1
2025/05/23/16:03:39.430152,17,1748009019,429703950,,1000,440,624,146,371,288,524,84,242,1000,14,33,935,999,999,999,999,475,443,72,0,1,1
2025/05/23/16:03:39.440073,18,1748009019,439625501,,1000,440,624,146,371,288,524,84,242,1000,14,33,935,999,999,999,999,475,443,72,0,1,1
2025/05/23/16:03:39.449905,19,1748009019,449574947,,1000,440,624,146,371,288,524,84,242,1000,14,33,935,999,999,999,999,475,443,72,0,1,1
2025/05/23/16:03:39.460175,20,1748009019,459636688,,1000,440,624,146,371,288,524,84,242,1000,14,33,935,999,999,999,999,475,443,72,0,1,1
2025/05/23/16:03:39.470209,21,1748009019,469673633,,1000,440,624,146,371,288,524,84,242,1000,14,33,935,999,999,999,999,475,443,72,0,1,1
2025/05/23/16:03:39.480037,22,1748009019,479639053,,1000,440,624,146,371,288,524,84,242,1000,14,33,935,999,999,999,999,475,443,72,0,1,1
2025/05/23/16:03:39.489943,23,1748009019,489550352,,1000,440,624,146,371,288,524,84,242,1000,14,33,935,999,999,999,999,475,443,72,0,1,1
2025/05/23/16:03:39.499805,24,1748009019,499530792,,1000,440,624,146,371,288,524,84,242,1000,14,33,935,999,999,999,999,475,443,72,0,1,1
2025/05/23/16:03:39.509958,25,1748009019,509577274,,1000,440,624,146,371,288,524,84,242,1000,14,33,935,999,999,999,999,475,443,72,0,1,1
2025/05/23/16:03:39.520200,26,1748009019,519659996,,1000,440,624,146,371,288,524,84,242,1000,14,33,935,999,999,999,999,475,443,72,0,1,1
2025/05/23/16:03:39.530148,27,1748009019,529611587,,1000,440,624,146,371,288,524,84,242,1000,14,33,935,999,999,999,999,475,443,72,0,1,1
2025/05/23/16:03:39.540072,28,1748009019,539565563,,1000,440,624,146,371,288,524,84,242,1000,14,33,935,999,999,999,999,475,443,72,0,1,1
2025/05/23/16:03:39.549996,29,1748009019,549601316,,1000,440,624,146,371,288,524,84,242,1000,14,33,935,999,999,999,999,475,443,72,0,1,1
2025/05/23/16:03:39.560091,30,1748009019,559634923,,1000,440,624,146,371,288,524,84,242,1000,14,33,935,999,999,999,999,475,443,72,0,1,1
2025/05/23/16:03:39.570184,31,1748009019,569726467,,1000,440,624,146,371,288,524,84,242,1000,14,33,935,999,999,999,999,475,443,72,0,1,1
2025/05/23/16:03:39.580041,32,1748009019,579662322,,1000,440,624,146,371,288,524,84,242,1000,14,33,935,999,999,999,999,475,443,72,0,1,1
2025/05/23/16:03:39.590071,33,1748009019,589611768,,1000,440,624,146,371,288,524,84,242,1000,14,33,935,999,999,999,999,475,443,72,0,1,1
2025/05/23/16:03:39.599933,34,1748009019,599580764,,1000,440,624,146,371,288,524,84,242,1000,14,33,935,999,999,999,999,475,443,72,0,1,1
2025/05/23/16:03:39.609944,35,1748009019,609565019,,1000,440,624,146,371,288,524,84,242,1000,14,33,935,999,999,999,999,475,443,72,0,1,1
2025/05/23/16:03:39.620252,36,1748009019,619724273,,1000,440,624,146,371,288,524,84,242,1000,14,33,935,999,999,999,999,475,443,72,0,1,1
2025/05/23/16:03:39.630088,37,1748009019,629590272,,1000,440,624,146,371,288,524,84,242,1000,14,33,935,999,999,999,999,475,443,72,0,1,1
2025/05/23/16:03:39.640200,38,1748009019,639700412,,1000,440,624,146,371,288,524,84,242,1000,14,33,935,999,999,999,999,475,443,72,0,1,1
2025/05/23/16:03:39.649955,39,1748009019,649581909,,1000,440,624,146,371,288,524,84,242,1000,14,33,935,999,999,999,999,475,443,72,0,1,1
2025/05/23/16:03:39.659929,40,1748009019,659537553,,1000,440,624,146,371,288,524,84,242,1000,14,33,935,999,999,999,999,475,443,72,0,1,1
2025/05/23/16:03:39.670029,41,1748009019,669639587,,1000,440,624,146,371,288,524,84,242,1000,14,33,935,999,999,999,999,475,443,72,0,1,1
2025/05/23/16:03:39.680072,42,1748009019,679651498,,1000,440,624,146,371,288,524,84,242,1000,14,33,935,999,999,999,999,475,443,72,0,1,1
2025/05/23/16:03:39.690285,43,1748009019,689626216,,1000,440,624,146,371,288,524,84,242,1000,14,33,935,999,999,999,999,475,443,72,0,1,1
2025/05/23/16:03:39.700176,44,1748009019,699661493,,1000,440,624,146,371,288,524,84,242,1000,14,33,935,999,999,999,999,475,443,72,0,1,1
2025/05/23/16:03:39.709994,45,1748009019,709537506,,1000,440,624,146,371,288,524,84,242,1000,14,33,935,999,999,999,999,475,443,72,0,1,1
2025/05/23/16:03:39.720152,46,1748009019,719687700,,1000,440,624,146,371,288,524,84,242,1000,14,33,935,999,999,999,999,475,443,72,0,1,1
2025/05/23/16:03:39.729939,47,1748009019,729558944,,1000,440,624,146,371,288,524,84,242,1000,14,33,935,999,999,999,999,475,443,72,0,1,1
2025/05/23/16:03:39.740194,48,1748009019,739663124,,1000,440,624,146,371,288,524,84,242,1000,14,33,935,999,999,999,999,475,443,72,0,1,1
2025/05/23/16:03:39.750110,49,1748009019,749616384,,1000,440,624,146,371,288,524,84,242,1000,14,33,935,999,999,999,999,475,443,72,0,1,1
2025/05/23/16:03:39.760032,50,1748009019,759621858,,1000,440,624,146,371,288,524,84,242,1000,14,33,935,999,999,999,999,475,443,72,0,1,1
2025/05/23/16:03:39.769992,51,1748009019,769571304,,1000,440,624,146,371,288,524,84,242,1000,14,33,935,999,999,999,999,475,443,72,0,1,1
2025/05/23/16:03:39.779848,52,1748009019,779564380,,1000,440,624,146,371,288,524,84,242,1000,14,33,935,999,999,999,999,475,443,72,0,1,1
2025/05/23/16:03:39.789925,53,1748009019,789542675,,1000,440,624,146,371,288,524,84,242,1000,14,33,935,999,999,999,999,475,443,72,0,1,1
2025/05/23/16:03:39.800045,54,1748009019,799638986,,1000,440,624,146,371,288,524,84,242,1000,14,33,935,999,999,999,999,475,443,72,0,1,1
2025/05/23/16:03:39.829928,55,1748009019,829554796,,1000,440,624,146,371,288,524,84,242,1000,14,33,935,999,999,999,999,475,443,72,0,1,1
2025/05/23/16:03:39.840453,56,1748009019,839655637,,1000,440,624,146,371,288,524,84,242,1000,14,33,935,999,999,999,999,475,443,72,0,1,1
2025/05/23/16:03:39.850173,57,1748009019,849699735,,1000,440,624,146,371,288,524,84,242,1000,14,33,935,999,999,999,999,475,443,72,0,1,1
2025/05/23/16:03:39.860252,58,1748009019,859696388,,1000,440,624,146,371,288,524,84,242,1000,14,33,935,999,999,999,999,475,443,72,0,1,1
2025/05/23/16:03:39.869987,59,1748009019,869603633,,1000,440,624,146,371,288,524,84,242,1000,14,33,935,999,999,999,999,475,443,72,0,1,1
2025/05/23/16:03:40.500427,60,1748009020,499744415,,1000,440,624,146,371,288,524,84,242,1000,14,33,935,999,999,999,999,475,443,72,0,1,1
2025/05/23/16:03:40.510269,61,1748009020,509806632,,1000,440,624,146,371,288,524,84,242,1000,14,33,935,999,999,999,999,475,443,72,0,1,1
2025/05/23/16:03:40.520324,62,1748009020,519750833,,1000,440,624,146,371,288,524,84,242,1000,14,33,935,999,999,999,999,475,443,72,0,1,1
2025/05/23/16:03:40.530265,63,1748009020,529748201,,1000,440,624,146,371,288,524,84,242,1000,14,33,935,999,999,999,999,475,443,72,0,1,1
2025/05/23/16:03:40.539814,64,1748009020,539566755,,1000,440,624,146,371,288,524,84,242,1000,14,33,935,999,999,999,999,475,443,72,0,1,1
2025/05/23/16:03:40.550128,65,1748009020,549636125,,1000,440,624,146,371,288,524,84,242,1000,14,33,935,999,999,999,999,475,443,72,0,1,1
2025/05/23/16:03:40.560032,66,1748009020,559638977,,1000,440,624,146,371,288,524,84,242,1000,14,33,935,999,999,999,999,475,443,72,0,1,1
2025/05/23/16:03:40.570070,67,1748009020,569677829,,1000,440,624,146,371,288,524,84,242,1000,14,33,935,999,999,999,999,475,443,72,0,1,1
2025/05/23/16:03:40.580156,68,1748009020,579679489,,1000,440,624,146,371,288,524,84,242,1000,14,33,935,999,999,999,999,475,443,72,0,1,1
2025/05/23/16:03:40.590333,69,1748009020,589708089,,1000,440,624,146,371,288,524,84,242,1000,14,33,935,999,999,999,999,475,443,72,0,1,1
2025/05/23/16:03:40.600013,70,1748009020,599608659,,1000,440,624,146,371,288,524,84,242,1000,14,33,935,999,999,999,999,475,443,72,0,1,1
2025/05/23/16:03:40.610047,71,1748009020,609636545,,1000,440,624,146,371,288,524,84,242,1000,14,33,935,999,999,999,999,475,443,72,0,1,1
2025/05/23/16:03:40.620184,72,1748009020,619609594,,1000,440,624,146,371,288,524,84,242,1000,14,33,935,999,999,999,999,475,443,72,0,1,1
2025/05/23/16:03:40.629956,73,1748009020,629561662,,1000,440,624,146,371,288,524,84,242,1000,14,33,935,999,999,999,999,475,443,72,0,1,1
2025/05/23/16:03:40.640021,74,1748009020,639552354,,1000,440,624,146,371,288,524,84,242,1000,14,33,935,999,999,999,999,475,443,72,0,1,1
2025/05/23/16:03:40.650028,75,1748009020,649616718,,1000,440,624,146,371,288,524,84,242,1000,14,33,935,999,999,999,999,475,443,72,0,1,1
2025/05/23/16:03:40.660092,76,1748009020,659686088,,1000,440,624,146,371,288,524,84,242,1000,14,33,935,999,999,999,999,475,443,72,0,1,1
2025/05/23/16:03:40.670075,77,1748009020,669620037,,1000,440,624,146,371,288,524,84,242,1000,14,33,935,999,999,999,999,475,443,72,0,1,1
2025/05/23/16:03:40.679938,78,1748009020,679527759,,1000,440,624,146,371,288,524,84,242,1000,14,33,935,999,999,999,999,475,443,72,0,1,1
2025/05/23/16:03:40.690250,79,1748009020,689671516,,1000,440,624,146,371,288,524,84,242,1000,14,33,935,999,999,999,999,475,443,72,0,1,1
2025/05/23/16:03:40.700141,80,1748009020,699666023,,1000,440,624,146,371,288,524,84,242,1000,14,33,935,999,999,999,999,475,443,72,0,1,1
2025/05/23/16:03:40.710329,81,1748009020,709841251,,1000,440,624,146,371,288,524,84,242,1000,14,33,935,999,999,999,999,475,443,72,0,1,1
2025/05/23/16:03:40.720194,82,1748009020,719752073,,1000,440,624,146,371,288,524,84,242,1000,14,33,935,999,999,999,999,475,443,72,0,1,1
2025/05/23/16:03:40.730085,83,1748009020,729603290,,1000,440,624,146,371,288,524,84,242,1000,14,33,935,999,999,999,999,475,443,72,0,1,1
2025/05/23/16:03:40.740010,84,1748009020,739598512,,1000,440,624,146,371,288,524,84,242,1000,14,33,935,999,999,999,999,475,443,72,0,1,1
2025/05/23/16:03:40.750074,85,1748009020,749630928,,1000,440,624,146,371,288,524,84,242,1000,14,33,935,999,999,999,999,475,443,72,0,1,1
2025/05/23/16:03:40.760014,86,1748009020,759622812,,1000,440,624,146,371,288,524,84,242,1000,14,33,935,999,999,999,999,475,443,72,0,1,1
2025/05/23/16:03:40.770105,87,1748009020,769597291,,1000,440,624,146,371,288,524,84,242,1000,14,33,935,999,999,999,999,475,443,72,0,1,1
2025/05/23/16:03:40.779918,88,1748009020,779583454,,1000,440,624,146,371,288,524,84,242,1000,14,33,935,999,999,999,999,475,443,72,0,1,1
2025/05/23/16:03:40.789815,89,1748009020,789521455,,1000,440,624,146,371,288,524,84,242,1000,14,33,935,999,999,999,999,475,443,72,0,1,1
2025/05/23/16:03:40.800205,90,1748009020,799702167,,1000,440,624,146,371,288,524,84,242,1000,14,33,935,999,999,999,999,475,443,72,0,1,1
2025/05/23/16:03:40.810113,91,1748009020,809570312,,1000,440,624,146,371,288,524,84,242,1000,14,33,935,999,999,999,999,475,443,72,0,1,1
2025/05/23/16:03:40.820129,92,1748009020,819666862,,1000,440,624,146,371,288,524,84,242,1000,14,33,935,999,999,999,999,475,443,72,0,1,1
2025/05/23/16:03:40.830009,93,1748009020,829627275,,1000,440,624,146,371,288,524,84,242,1000,14,33,935,999,999,999,999,475,443,72,0,1,1
2025/05/23/16:03:40.839936,94,1748009020,839590549,,1000,440,624,146,371,288,524,84,242,1000,14,33,935,999,999,999,999,475,443,72,0,1,1
2025/05/23/16:03:40.849984,95,1748009020,849661111,,1000,440,624,146,371,288,524,84,242,1000,14,33,935,999,999,999,999,475,443,72,0,1,1
2025/05/23/16:03:40.860007,96,1748009020,859589815,,1000,440,624,146,371,288,524,84,242,1000,14,33,935,999,999,999,999,475,443,72,0,1,1
2025/05/23/16:03:40.870015,97,1748009020,869627475,,1000,440,624,146,371,288,524,84,242,1000,14,33,935,999,999,999,999,475,443,72,0,1,1
2025/05/23/16:03:40.879867,98,1748009020,879551887,,1000,440,624,146,371,288,524,84,242,1000,14,33,935,999,999,999,999,475,443,72,0,1,1
2025/05/23/16:03:40.889982,99,1748009020,889609575,,1000,440,624,146,371,288,524,84,242,1000,14,33,935,999,999,999,999,475,443,72,0,1,1
2025/05/23/16:03:40.899828,100,1748009020,899507999,,1000,440,624,146,371,288,524,84,242,1000,14,33,935,999,999,999,999,475,443,72,0,1,1
2025/05/23/16:03:40.909931,101,1748009020,909625530,,1000,440,624,146,371,288,524,84,242,1000,14,33,935,999,999,999,999,475,443,72,0,1,1
2025/05/23/16:03:40.920213,102,1748009020,919615745,,1000,440,624,146,371,288,524,84,242,1000,14,33,935,999,999,999,999,475,443,72,0,1,1
2025/05/23/16:03:40.930026,103,1748009020,929651498,,1000,440,624,146,371,288,524,84,242,1000,14,33,935,999,999,999,999,475,443,72,0,1,1
2025/05/23/16:03:40.940072,104,1748009020,939627885,,1000,440,624,146,371,288,524,84,242,1000,14,33,935,999,999,999,999,475,443,72,0,1,1
2025/05/23/16:03:40.949929,105,1748009020,949536800,,1000,440,624,146,371,288,524,84,242,1000,14,33,935,999,999,999,999,475,443,72,0,1,1
2025/05/23/16:03:40.959970,106,1748009020,959570646,,1000,440,624,146,371,288,524,84,242,1000,14,33,935,999,999,999,999,475,443,72,0,1,1
2025/05/23/16:03:40.970006,107,1748009020,969608783,,1000,440,624,146,371,288,524,84,242,1000,14,33,935,999,999,999,999,475,443,72,0,1,1
2025/05/23/16:03:40.980098,108,1748009020,979562997,,1000,440,624,146,371,288,524,84,242,1000,14,33,935,999,999,999,999,475,443,72,0,1,1
2025/05/23/16:03:40.989921,109,1748009020,989572048,,1000,440,624,146,371,288,524,84,242,1000,14,33,935,999,999,999,999,475,443,72,0,1,1
2025/05/23/16:03:40.999879,110,1748009020,999551534,,1000,440,624,146,371,288,524,84,242,1000,14,33,935,999,999,999,999,475,443,72,0,1,1
2025/05/23/16:03:41.009830,111,1748009021,9531974,,1000,440,624,146,371,288,524,84,242,1000,14,33,935,999,999,999,999,475,443,72,0,1,1
2025/05/23/16:03:41.020019,112,1748009021,19616365,,1000,440,624,146,371,288,524,84,242,1000,14,33,935,999,999,999,999,475,443,72,0,1,1
2025/05/23/16:03:41.029966,113,1748009021,29615163,,1000,440,624,146,371,288,524,84,242,1000,14,33,935,999,999,999,999,475,443,72,0,1,1
2025/05/23/16:03:41.039971,114,1748009021,39586782,,1000,440,624,146,371,288,524,84,242,1000,14,33,935,999,999,999,999,475,443,72,0,1,1
2025/05/23/16:03:41.050318,115,1748009021,49705982,,1000,440,624,146,371,288,524,84,242,1000,14,33,935,999,999,999,999,475,443,72,0,1,1
2025/05/23/16:03:41.060070,116,1748009021,59610605,,1000,440,624,146,371,288,524,84,242,1000,14,33,935,999,999,999,999,475,443,72,0,1,1
2025/05/23/16:03:41.090116,117,1748009021,89572191,,1000,440,624,146,371,288,524,84,242,1000,14,33,935,999,999,999,999,475,443,72,0,1,1
2025/05/23/16:03:41.100314,118,1748009021,99731445,,1000,440,624,146,371,288,524,84,242,1000,14,33,935,999,999,999,999,475,443,72,0,1,1
2025/05/23/16:03:41.109891,119,1748009021,109565973,,1000,440,624,146,371,288,524,84,242,1000,14,33,935,999,999,999,999,475,443,72,0,1,1
2025/05/23/16:03:41.120045,120,1748009021,119634151,,1000,440,624,146,371,288,524,84,242,1000,14,33,935,999,999,999,999,475,443,72,0,1,1
2025/05/23/16:03:41.129791,121,1748009021,129503488,,1000,440,624,146,371,288,524,84,242,1000,14,33,935,999,999,999,999,475,443,72,0,1,1
2025/05/23/16:03:41.790353,122,1748009021,789813518,,1000,440,624,146,371,288,524,84,242,1000,14,33,935,999,999,999,999,475,443,72,0,1,1
2025/05/23/16:03:41.800154,123,1748009021,799684286,,1000,440,624,146,371,288,524,84,242,1000,14,33,935,999,999,999,999,475,443,72,0,1,1
2025/05/23/16:03:41.810209,124,1748009021,809690475,,1000,440,624,146,371,288,524,84,242,1000,14,33,935,999,999,999,999,475,443,72,0,1,1
2025/05/23/16:03:41.820086,125,1748009021,819697856,,1000,440,624,146,371,288,524,84,242,1000,14,33,935,999,999,999,999,475,443,72,0,1,1
2025/05/23/16:03:41.830318,126,1748009021,829741716,,1000,440,624,146,371,288,524,84,242,1000,14,33,935,999,999,999,999,475,443,72,0,1,1
2025/05/23/16:03:41.840026,127,1748009021,839650154,,1000,440,624,146,371,288,524,84,242,1000,14,33,935,999,999,999,999,475,443,72,0,1,1
2025/05/23/16:03:41.850068,128,1748009021,849673986,,1000,440,624,146,371,288,524,84,242,1000,14,33,935,999,999,999,999,475,443,72,0,1,1
2025/05/23/16:03:41.859917,129,1748009021,859613418,,1000,440,624,146,371,288,524,84,242,1000,14,33,935,999,999,999,999,475,443,72,0,1,1
2025/05/23/16:03:41.870192,130,1748009021,869791269,,1000,440,624,146,371,288,524,84,242,1000,14,33,935,999,999,999,999,475,443,72,0,1,1
2025/05/23/16:03:41.880020,131,1748009021,879635572,,1000,440,624,146,371,288,524,84,242,1000,14,33,935,999,999,999,999,475,443,72,0,1,1
2025/05/23/16:03:41.890082,132,1748009021,889735937,,1000,440,624,146,371,288,524,84,242,1000,14,33,935,999,999,999,999,475,443,72,0,1,1
2025/05/23/16:03:41.900066,133,1748009021,899682044,,1000,440,624,146,371,288,524,84,242,1000,14,33,935,999,999,999,999,475,443,72,0,1,1
2025/05/23/16:03:41.910109,134,1748009021,909682989,,1000,440,624,146,371,288,524,84,242,1000,14,33,935,999,999,999,999,475,443,72,0,1,1
2025/05/23/16:03:41.920014,135,1748009021,919609546,,1000,440,624,146,371,288,524,84,242,1000,14,33,935,999,999,999,999,475,443,72,0,1,1
2025/05/23/16:03:41.929976,136,1748009021,929571390,,1000,440,624,146,371,288,524,84,242,1000,14,33,935,999,999,999,999,475,443,72,0,1,1
2025/05/23/16:03:41.940138,137,1748009021,939655780,,1000,440,624,146,371,288,524,84,242,1000,14,33,935,999,999,999,999,475,443,72,0,1,1
2025/05/23/16:03:41.950108,138,1748009021,949566364,,1000,440,624,146,371,288,524,84,242,1000,14,33,935,999,999,999,999,475,443,72,0,1,1
2025/05/23/16:03:41.960007,139,1748009021,959621667,,1000,440,624,146,371,288,524,84,242,1000,14,33,935,999,999,999,999,475,443,72,0,1,1
2025/05/23/16:03:41.970094,140,1748009021,969650745,,1000,440,624,146,371,288,524,84,242,1000,14,33,935,999,999,999,999,475,443,72,0,1,1
2025/05/23/16:03:41.980184,141,1748009021,979716300,,1000,440,624,146,371,288,524,84,242,1000,14,33,935,999,999,999,999,475,443,72,0,1,1
2025/05/23/16:03:41.990171,142,1748009021,989629507,,1000,440,624,146,371,288,524,84,242,1000,14,33,935,999,999,999,999,475,443,72,0,1,1
2025/05/23/16:03:41.999897,143,1748009021,999552488,,1000,440,624,146,371,288,524,84,242,1000,14,33,935,999,999,999,999,475,443,72,0,1,1
2025/05/23/16:03:42.009932,144,1748009022,9538888,,1000,440,624,146,371,288,524,84,242,1000,14,33,935,999,999,999,999,475,443,72,0,1,1
2025/05/23/16:03:42.019892,145,1748009022,19529819,,1000,440,624,146,371,288,524,84,242,1000,14,33,935,999,999,999,999,475,443,72,0,1,1
2025/05/23/16:03:42.030052,146,1748009022,29572248,,1000,440,624,146,371,288,524,84,242,1000,14,33,935,999,999,999,999,475,443,72,0,1,1
2025/05/23/16:03:42.039998,147,1748009022,39641141,,1000,440,624,146,371,288,524,84,242,1000,14,33,935,999,999,999,999,475,443,72,0,1,1
2025/05/23/16:03:42.050245,148,1748009022,49720048,,1000,440,624,146,371,288,524,84,242,1000,14,33,935,999,999,999,999,475,443,72,0,1,1
2025/05/23/16:03:42.060071,149,1748009022,59579372,,1000,440,624,146,371,288,524,84,242,1000,14,33,935,999,999,999,999,475,443,72,0,1,1
2025/05/23/16:03:42.070117,150,1748009022,69578170,,1000,440,624,146,371,288,524,84,242,1000,14,33,935,999,999,999,999,475,443,72,0,1,1
2025/05/23/16:03:42.080037,151,1748009022,79607725,,1000,440,624,146,371,288,524,84,242,1000,14,33,935,999,999,999,999,475,443,72,0,1,1
2025/05/23/16:03:42.090139,152,1748009022,89615106,,1000,440,624,146,371,288,524,84,242,1000,14,33,935,999,999,999,999,475,443,72,0,1,1
2025/05/23/16:03:42.100096,153,1748009022,99555492,,1000,440,624,146,371,288,524,84,242,1000,14,33,935,999,999,999,999,475,443,72,0,1,1
2025/05/23/16:03:42.110024,154,1748009022,109610080,,1000,440,624,146,371,288,524,84,242,1000,14,33,935,999,999,999,999,475,443,72,0,1,1
2025/05/23/16:03:42.120060,155,1748009022,119626522,,1000,440,624,146,371,288,524,84,242,1000,14,33,935,999,999,999,999,475,443,72,0,1,1
2025/05/23/16:03:42.130017,156,1748009022,129627466,,1000,440,624,146,371,288,524,84,242,1000,14,33,935,999,999,999,999,475,443,72,0,1,1
2025/05/23/16:03:42.140311,157,1748009022,139692783,,1000,440,624,146,371,288,524,84,242,1000,14,33,935,999,999,999,999,475,443,72,0,1,1
2025/05/23/16:03:42.150102,158,1748009022,149694442,,1000,440,624,146,371,288,524,84,242,1000,14,33,935,999,999,999,999,475,443,72,0,1,1
2025/05/23/16:03:42.159948,159,1748009022,159570455,,1000,440,624,146,371,288,524,84,242,1000,14,33,935,999,999,999,999,475,443,72,0,1,1
2025/05/23/16:03:42.170048,160,1748009022,169584751,,1000,440,624,146,371,288,524,84,242,1000,14,33,935,999,999,999,999,475,443,72,0,1,1
2025/05/23/16:03:42.179919,161,1748009022,179557323,,1000,440,624,146,371,288,524,84,242,1000,14,33,935,999,999,999,999,475,443,72,0,1,1
2025/05/23/16:03:42.190111,162,1748009022,189785003,,1000,440,624,146,371,288,524,84,242,1000,14,33,935,999,999,999,999,475,443,72,0,1,1
2025/05/23/16:03:42.199844,163,1748009022,199527502,,1000,440,624,146,371,288,524,84,242,1000,14,33,935,999,999,999,999,475,443,72,0,1,1
2025/05/23/16:03:42.209960,164,1748009022,209597349,,1000,440,624,146,371,288,524,84,242,1000,14,33,935,999,999,999,999,475,443,72,0,1,1
2025/05/23/16:03:42.219831,165,1748009022,219512939,,1000,440,624,146,371,288,524,84,242,1000,14,33,935,999,999,999,999,475,443,72,0,1,1
2025/05/23/16:03:42.230003,166,1748009022,229623079,,1000,440,624,146,371,288,524,84,242,1000,14,33,935,999,999,999,999,475,443,72,0,1,1
2025/05/23/16:03:42.240074,167,1748009022,239668369,,1000,440,624,146,371,288,524,84,242,1000,14,33,935,999,999,999,999,475,443,72,0,1,1
2025/05/23/16:03:42.249838,168,1748009022,249521255,,1000,440,624,146,371,288,524,84,242,1000,14,33,935,999,999,999,999,475,443,72,0,1,1
2025/05/23/16:03:42.259914,169,1748009022,259548425,,1000,440,624,146,371,288,524,84,242,1000,14,33,935,999,999,999,999,475,443,72,0,1,1
2025/05/23/16:03:42.269877,170,1748009022,269542932,,1000,440,624,146,371,288,524,84,242,1000,14,33,935,999,999,999,999,475,443,72,0,1,1
2025/05/23/16:03:42.280126,171,1748009022,279624223,,1000,440,624,146,371,288,524,84,242,1000,14,33,935,999,999,999,999,475,443,72,0,1,1
2025/05/23/16:03:42.290274,172,1748009022,289672851,,1000,440,624,146,371,288,524,84,242,1000,14,33,935,999,999,999,999,475,443,72,0,1,1
2025/05/23/16:03:42.300285,173,1748009022,299653053,,1000,440,624,146,371,288,524,84,242,1000,14,33,935,999,999,999,999,475,443,72,0,1,1
2025/05/23/16:03:42.309904,174,1748009022,309618949,,1000,440,624,146,371,288,524,84,242,1000,14,33,935,999,999,999,999,475,443,72,0,1,1
2025/05/23/16:03:42.319963,175,1748009022,319621801,,1000,440,624,146,371,288,524,84,242,1000,14,33,935,999,999,999,999,475,443,72,0,1,1
2025/05/23/16:03:42.329968,176,1748009022,329560279,,1000,440,624,146,371,288,524,84,242,1000,14,33,935,999,999,999,999,475,443,72,0,1,1
2025/05/23/16:03:42.340054,177,1748009022,339643478,,1000,440,624,146,371,288,524,84,242,1000,14,33,935,999,999,999,999,475,443,72,0,1,1
2025/05/23/16:03:42.349917,178,1748009022,349619865,,1000,440,624,146,371,288,524,84,242,1000,14,33,935,999,999,999,999,475,443,72,0,1,1
2025/05/23/16:03:42.380366,179,1748009022,379781007,,1000,440,624,146,371,288,524,84,242,1000,14,33,935,999,999,999,999,475,443,72,0,1,1
2025/05/23/16:03:42.390276,180,1748009022,389710426,,1000,440,624,146,371,288,524,84,242,1000,14,33,935,999,999,999,999,475,443,72,0,1,1
2025/05/23/16:03:42.399904,181,1748009022,399587154,,1000,440,624,146,371,288,524,84,242,1000,14,33,935,999,999,999,999,475,443,72,0,1,1
2025/05/23/16:03:42.410121,182,1748009022,409604549,,1000,440,624,146,371,288,524,84,242,1000,14,33,935,999,999,999,999,475,443,72,0,1,1
2025/05/23/16:03:42.420050,183,1748009022,419583797,,1000,440,624,146,371,288,524,84,242,1000,14,33,935,999,999,999,999,475,443,72,0,1,1
2025/05/23/16:03:43.080223,184,1748009023,79741477,,1000,440,624,146,371,288,524,84,242,1000,14,33,935,999,999,999,999,475,443,72,0,1,1
2025/05/23/16:03:43.090174,185,1748009023,89751720,,1000,440,624,146,371,288,524,84,242,1000,14,33,935,999,999,999,999,475,443,72,0,1,1
2025/05/23/16:03:43.100304,186,1748009023,99701166,,1000,440,624,146,371,288,524,84,242,1000,14,33,935,999,999,999,999,475,443,72,0,1,1
2025/05/23/16:03:43.110210,187,1748009023,109787940,,1000,440,624,146,371,288,524,84,242,1000,14,33,935,999,999,999,999,475,443,72,0,1,1
2025/05/23/16:03:43.120296,188,1748009023,119792938,,1000,440,624,146,371,288,524,84,242,1000,14,33,935,999,999,999,999,475,443,72,0,1,1
2025/05/23/16:03:43.130261,189,1748009023,129724740,,1000,440,624,146,371,288,524,84,242,1000,14,33,935,999,999,999,999,475,443,72,0,1,1
2025/05/23/16:03:43.140197,190,1748009023,139729499,,1000,440,624,146,371,288,524,84,242,1000,14,33,935,999,999,999,999,475,443,72,0,1,1
2025/05/23/16:03:43.150177,191,1748009023,149712085,,1000,440,624,146,371,288,524,84,242,1000,14,33,935,999,999,999,999,475,443,72,0,1,1
2025/05/23/16:03:43.160352,192,1748009023,159762382,,1000,440,624,146,371,288,524,84,242,1000,14,33,935,999,999,999,999,475,443,72,0,1,1
2025/05/23/16:03:43.170213,193,1748009023,169768810,,1000,440,624,146,371,288,524,84,242,1000,14,33,935,999,999,999,999,475,443,72,0,1,1
2025/05/23/16:03:43.180066,194,1748009023,179635763,,1000,440,624,146,371,288,524,84,242,1000,14,33,935,999,999,999,999,475,443,72,0,1,1
2025/05/23/16:03:43.190172,195,1748009023,189793825,,1000,440,624,146,371,288,524,84,242,1000,14,33,935,999,999,999,999,475,443,72,0,1,1
2025/05/23/16:03:43.200183,196,1748009023,199712038,,1000,440,624,146,371,288,524,84,242,1000,14,33,935,999,999,999,999,475,443,72,0,1,1
2025/05/23/16:03:43.210193,197,1748009023,209670305,,1000,440,624,146,371,288,524,84,242,1000,14,33,935,999,999,999,999,475,443,72,0,1,1
2025/05/23/16:03:43.220154,198,1748009023,219680309,,1000,440,624,146,371,288,524,84,242,1000,14,33,935,999,999,999,999,475,443,72,0,1,1
2025/05/23/16:03:43.230198,199,1748009023,229652404,,1000,440,624,146,371,288,524,84,242,1000,14,33,935,999,999,999,999,475,443,72,0,1,1
2025/05/23/16:03:43.240184,200,1748009023,239677906,,1000,440,624,146,371,288,524,84,242,1000,14,33,935,999,999,999,999,475,443,72,0,1,1
2025/05/23/16:03:43.250003,201,1748009023,249647617,,1000,440,624,146,371,288,524,84,242,1000,14,33,935,999,999,999,999,475,443,72,0,1,1
2025/05/23/16:03:43.260081,202,1748009023,259569168,,1000,440,624,146,371,288,524,84,242,1000,14,33,935,999,999,999,999,475,443,72,0,1,1
2025/05/23/16:03:43.270015,203,1748009023,269622325,,1000,440,624,146,371,288,524,84,242,1000,14,33,935,999,999,999,999,475,443,72,0,1,1
2025/05/23/16:03:43.279795,204,1748009023,279516458,,1000,440,624,146,371,288,524,84,242,1000,14,33,935,999,999,999,999,475,443,72,0,1,1
2025/05/23/16:03:43.289994,205,1748009023,289561271,,1000,440,624,146,371,288,524,84,242,1000,14,33,935,999,999,999,999,475,443,72,0,1,1
2025/05/23/16:03:43.300105,206,1748009023,299676418,,1000,440,624,146,371,288,524,84,242,1000,14,33,935,999,999,999,999,475,443,72,0,1,1
2025/05/23/16:03:43.310096,207,1748009023,309802293,,1000,440,624,146,371,288,524,84,242,1000,14,33,935,999,999,999,999,475,443,72,0,1,1
2025/05/23/16:03:43.320169,208,1748009023,319725275,,1000,440,624,146,371,288,524,84,242,1000,14,33,935,999,999,999,999,475,443,72,0,1,1
2025/05/23/16:03:43.330293,209,1748009023,329747438,,1000,440,624,146,371,288,524,84,242,1000,14,33,935,999,999,999,999,475,443,72,0,1,1
2025/05/23/16:03:43.340311,210,1748009023,339841365,,1000,440,624,146,371,288,524,84,242,1000,14,33,935,999,999,999,999,475,443,72,0,1,1
2025/05/23/16:03:43.350131,211,1748009023,349675893,,1000,440,624,146,371,288,524,84,242,1000,14,33,935,999,999,999,999,475,443,72,0,1,1
2025/05/23/16:03:43.360143,212,1748009023,359583854,,1000,440,624,146,371,288,524,84,242,1000,14,33,935,999,999,999,999,475,443,72,0,1,1
2025/05/23/16:03:43.370121,213,1748009023,369632720,,1000,440,624,146,371,288,524,84,242,1000,14,33,935,999,999,999,999,475,443,72,0,1,1
2025/05/23/16:03:43.380138,214,1748009023,379642009,,1000,440,624,146,371,288,524,84,242,1000,14,33,935,999,999,999,999,475,443,72,0,1,1
2025/05/23/16:03:43.390097,215,1748009023,389714002,,1000,440,624,146,371,288,524,84,242,1000,14,33,935,999,999,999,999,475,443,72,0,1,1
2025/05/23/16:03:43.400225,216,1748009023,399656534,,1000,440,624,146,371,288,524,84,242,1000,14,33,935,999,999,999,999,475,443,72,0,1,1
2025/05/23/16:03:43.410074,217,1748009023,409691810,,1000,440,624,146,371,288,524,84,242,1000,14,33,935,999,999,999,999,475,443,72,0,1,1
2025/05/23/16:03:43.420157,218,1748009023,419720649,,1000,440,624,146,371,288,524,84,242,1000,14,33,935,999,999,999,999,475,443,72,0,1,1
2025/05/23/16:03:43.430022,219,1748009023,429562568,,1000,440,624,146,371,288,524,84,242,1000,14,33,935,999,999,999,999,475,443,72,0,1,1
2025/05/23/16:03:43.440312,220,1748009023,439782619,,1000,440,624,146,371,288,524,84,242,1000,14,33,935,999,999,999,999,475,443,72,0,1,1
2025/05/23/16:03:43.450178,221,1748009023,449686765,,1000,440,624,146,371,288,524,84,242,1000,14,33,935,999,999,999,999,475,443,72,0,1,1
2025/05/23/16:03:43.460025,222,1748009023,459593772,,1000,440,624,146,371,288,524,84,242,1000,14,33,935,999,999,999,999,475,443,72,0,1,1
2025/05/23/16:03:43.470138,223,1748009023,469621419,,1000,440,624,146,371,288,524,84,242,1000,14,33,935,999,999,999,999,475,443,72,0,1,1
2025/05/23/16:03:43.480144,224,1748009023,479660034,,1000,440,624,146,371,288,524,84,242,1000,14,33,935,999,999,999,999,475,443,72,0,1,1
2025/05/23/16:03:43.490565,225,1748009023,489838838,,1000,440,624,146,371,288,524,84,242,1000,14,33,935,999,999,999,999,475,443,72,0,1,1
2025/05/23/16:03:43.500143,226,1748009023,499766588,,1000,440,624,146,371,288,524,84,242,1000,14,33,935,999,999,999,999,475,443,72,0,1,1
2025/05/23/16:03:43.510145,227,1748009023,509639978,,1000,440,624,146,371,288,524,84,242,1000,14,33,935,999,999,999,999,475,443,72,0,1,1
2025/05/23/16:03:43.520201,228,1748009023,519722223,,1000,440,624,146,371,288,524,84,242,1000,14,33,935,999,999,999,999,475,443,72,0,1,1
2025/05/23/16:03:43.530333,229,1748009023,529741525,,1000,440,624,146,371,288,524,84,242,1000,14,33,935,999,999,999,999,475,443,72,0,1,1
2025/05/23/16:03:43.540280,230,1748009023,539773225,,1000,440,624,146,371,288,524,84,242,1000,14,33,935,999,999,999,999,475,443,72,0,1,1
2025/05/23/16:03:43.550094,231,1748009023,549644708,,1000,440,624,146,371,288,524,84,242,1000,14,33,935,999,999,999,999,475,443,72,0,1,1
2025/05/23/16:03:43.560073,232,1748009023,559648513,,1000,440,624,146,371,288,524,84,242,1000,14,33,935,999,999,999,999,475,443,72,0,1,1
2025/05/23/16:03:43.569973,233,1748009023,569573163,,1000,440,624,146,371,288,524,84,242,1000,14,33,935,999,999,999,999,475,443,72,0,1,1
2025/05/23/16:03:43.580333,234,1748009023,579651594,,1000,440,624,146,371,288,524,84,242,1000,14,33,935,999,999,999,999,475,443,72,0,1,1
2025/05/23/16:03:43.590459,235,1748009023,589806556,,1000,440,624,146,371,288,524,84,242,1000,14,33,935,999,999,999,999,475,443,72,0,1,1
2025/05/23/16:03:43.600059,236,1748009023,599645614,,1000,440,624,146,371,288,524,84,242,1000,14,33,935,999,999,999,999,475,443,72,0,1,1
2025/05/23/16:03:43.609950,237,1748009023,609527111,,1000,440,624,146,371,288,524,84,242,1000,14,33,935,999,999,999,999,475,443,72,0,1,1
2025/05/23/16:03:43.620089,238,1748009023,619571685,,1000,440,624,146,371,288,524,84,242,1000,14,33,935,999,999,999,999,475,443,72,0,1,1
2025/05/23/16:03:43.629943,239,1748009023,629575729,,1000,440,624,146,371,288,524,84,242,1000,14,33,935,999,999,999,999,475,443,72,0,1,1
2025/05/23/16:03:43.640262,240,1748009023,639739274,,1000,440,624,146,371,288,524,84,242,1000,14,33,935,999,999,999,999,475,443,72,0,1,1
2025/05/23/16:03:43.669878,241,1748009023,669513225,,1000,440,624,146,371,288,524,84,242,1000,14,33,935,999,999,999,999,475,443,72,0,1,1
2025/05/23/16:03:43.680042,242,1748009023,679589748,,1000,440,624,146,371,288,524,84,242,1000,14,33,935,999,999,999,999,475,443,72,0,1,1
2025/05/23/16:03:43.690344,243,1748009023,689651250,,1000,440,624,146,371,288,524,84,242,1000,14,33,935,999,999,999,999,475,443,72,0,1,1
2025/05/23/16:03:43.700197,244,1748009023,699830770,,1000,440,624,146,371,288,524,84,242,1000,14,33,935,999,999,999,999,475,443,72,0,1,1
2025/05/23/16:03:43.709920,245,1748009023,709566831,,1000,440,624,146,371,288,524,84,242,1000,14,33,935,999,999,999,999,475,443,72,0,1,1
2025/05/23/16:03:43.890143,246,1748009023,889624118,,1000,440,624,146,371,288,524,84,242,1000,14,33,935,999,999,999,999,475,443,72,0,1,1
2025/05/23/16:03:43.899815,247,1748009023,899588584,,1000,440,624,146,371,288,524,84,242,1000,14,33,935,999,999,999,999,475,443,72,0,1,1
2025/05/23/16:03:43.910008,248,1748009023,909639358,,1000,440,624,146,371,288,524,84,242,1000,14,33,935,999,999,999,999,475,443,72,0,1,1
2025/05/23/16:03:43.919933,249,1748009023,919593811,,1000,440,624,146,371,288,524,84,242,1000,14,33,935,999,999,999,999,475,443,72,0,1,1
2025/05/23/16:03:43.929998,250,1748009023,929587602,,1000,440,624,146,371,288,524,84,242,1000,14,33,935,999,999,999,999,475,443,72,0,1,1
2025/05/23/16:03:43.940151,251,1748009023,939635515,,1000,440,624,146,371,288,524,84,242,1000,14,33,935,999,999,999,999,475,443,72,0,1,1
2025/05/23/16:03:43.950213,252,1748009023,949685573,,1000,440,624,146,371,288,524,84,242,1000,14,33,935,999,999,999,999,475,443,72,0,1,1
2025/05/23/16:03:43.960046,253,1748009023,959611654,,1000,440,624,146,371,288,524,84,242,1000,14,33,935,999,999,999,999,475,443,72,0,1,1
2025/05/23/16:03:43.970229,254,1748009023,969655513,,1000,440,624,146,371,288,524,84,242,1000,14,33,935,999,999,999,999,475,443,72,0,1,1
2025/05/23/16:03:43.980087,255,1748009023,979562759,,1000,440,624,146,371,288,524,84,242,1000,14,33,935,999,999,999,999,475,443,72,0,1,1
2025/05/23/16:03:43.990163,256,1748009023,989622116,,1000,440,624,146,371,288,524,84,242,1000,14,33,935,999,999,999,999,475,443,72,0,1,1
2025/05/23/16:03:44.000086,257,1748009023,999606609,,1000,440,624,146,371,288,524,84,242,1000,14,33,935,999,999,999,999,475,443,72,0,1,1
2025/05/23/16:03:44.009951,258,1748009024,9547710,,1000,440,624,146,371,288,524,84,242,1000,14,33,935,999,999,999,999,475,443,72,0,1,1
2025/05/23/16:03:44.020051,259,1748009024,19619464,,1000,440,624,146,371,288,524,84,242,1000,14,33,935,999,999,999,999,475,443,72,0,1,1
2025/05/23/16:03:44.029924,260,1748009024,29575347,,1000,440,624,146,371,288,524,84,242,1000,14,33,935,999,999,999,999,475,443,72,0,1,1
2025/05/23/16:03:44.040143,261,1748009024,39637327,,1000,440,624,146,371,288,524,84,242,1000,14,33,935,999,999,999,999,475,443,72,0,1,1
2025/05/23/16:03:44.050035,262,1748009024,49561500,,1000,440,624,146,371,288,524,84,242,1000,14,33,935,999,999,999,999,475,443,72,0,1,1
2025/05/23/16:03:44.059828,263,1748009024,59565782,,1000,440,624,146,371,288,524,84,242,1000,14,33,935,999,999,999,999,475,443,72,0,1,1
2025/05/23/16:03:44.069969,264,1748009024,69564819,,1000,440,624,146,371,288,524,84,242,1000,14,33,935,999,999,999,999,475,443,72,0,1,1
2025/05/23/16:03:44.080070,265,1748009024,79623460,,1000,440,624,146,371,288,524,84,242,1000,14,33,935,999,999,999,999,475,443,72,0,1,1
2025/05/23/16:03:44.090083,266,1748009024,89649915,,1000,440,624,146,371,288,524,84,242,1000,14,33,935,999,999,999,999,475,443,72,0,1,1
2025/05/23/16:03:44.099967,267,1748009024,99604129,,1000,440,624,146,371,288,524,84,242,1000,14,33,935,999,999,999,999,475,443,72,0,1,1
2025/05/23/16:03:44.109898,268,1748009024,109543085,,1000,440,624,146,371,288,524,84,242,1000,14,33,935,999,999,999,999,475,443,72,0,1,1
2025/05/23/16:03:44.119926,269,1748009024,119558095,,1000,440,624,146,371,288,524,84,242,1000,14,33,935,999,999,999,999,475,443,72,0,1,1
2025/05/23/16:03:44.130053,270,1748009024,129623651,,1000,440,624,146,371,288,524,84,242,1000,14,33,935,999,999,999,999,475,443,72,0,1,1
2025/05/23/16:03:44.140141,271,1748009024,139660835,,1000,440,624,146,371,288,524,84,242,1000,14,33,935,999,999,999,999,475,443,72,0,1,1
2025/05/23/16:03:44.150220,272,1748009024,149760484,,1000,440,624,146,371,288,524,84,242,1000,14,33,935,999,999,999,999,475,443,72,0,1,1
2025/05/23/16:03:44.160191,273,1748009024,159677028,,1000,440,624,146,371,288,524,84,242,1000,14,33,935,999,999,999,999,475,443,72,0,1,1
2025/05/23/16:03:44.170105,274,1748009024,169639348,,1000,440,624,146,371,288,524,84,242,1000,14,33,935,999,999,999,999,475,443,72,0,1,1
2025/05/23/16:03:44.180127,275,1748009024,179671287,,1000,440,624,146,371,288,524,84,242,1000,14,33,935,999,999,999,999,475,443,72,0,1,1
2025/05/23/16:03:44.190137,276,1748009024,189690828,,1000,440,624,146,371,288,524,84,242,1000,14,33,935,999,999,999,999,475,443,72,0,1,1
2025/05/23/16:03:44.200155,277,1748009024,199677944,,1000,440,624,146,371,288,524,84,242,1000,14,33,935,999,999,999,999,475,443,72,0,1,1
2025/05/23/16:03:44.210215,278,1748009024,209737062,,1000,440,624,146,371,288,524,84,242,1000,14,33,935,999,999,999,999,475,443,72,0,1,1
2025/05/23/16:03:44.220267,279,1748009024,219706773,,1000,440,624,146,371,288,524,84,242,1000,14,33,935,999,999,999,999,475,443,72,0,1,1
2025/05/23/16:03:44.230099,280,1748009024,229637384,,1000,440,624,146,371,288,524,84,242,1000,14,33,935,999,999,999,999,475,443,72,0,1,1
2025/05/23/16:03:44.240125,281,1748009024,239629507,,1000,440,624,146,371,288,524,84,242,1000,14,33,935,999,999,999,999,475,443,72,0,1,1
2025/05/23/16:03:44.250081,282,1748009024,249655961,,1000,440,624,146,371,288,524,84,242,1000,14,33,935,999,999,999,999,475,443,72,0,1,1
2025/05/23/16:03:44.260221,283,1748009024,259675025,,1000,440,624,146,371,288,524,84,242,1000,14,33,935,999,999,999,999,475,443,72,0,1,1
2025/05/23/16:03:44.270040,284,1748009024,269638299,,1000,440,624,146,371,288,524,84,242,1000,14,33,935,999,999,999,999,475,443,72,0,1,1
2025/05/23/16:03:44.280314,285,1748009024,279693603,,1000,440,624,146,371,288,524,84,242,1000,14,33,935,999,999,999,999,475,443,72,0,1,1
